customer_id,segment_name,recency_days,frequency_180d,monetary_180d,r_score,f_score,m_score,sessions_30d,campaign_clicks_30d,ticket_count_90d,return_rate_180d,avg_discount_pct_180d,category_diversity_180d,manual_priority_bucket
CUST00001,Dormant At-Risk,107,1.0,362.73,2,1,1,1,0,0.0,0.0,0.23,1.0,high
CUST00002,Growth Potential,40,1.0,581.0,4,1,2,8,0,1.0,0.0,0.23,1.0,medium
CUST00003,Dormant At-Risk,171,1.0,649.98,1,1,2,1,0,0.0,0.0,0.47,1.0,high
CUST00004,Dormant At-Risk,131,1.0,1604.04,2,1,4,1,0,0.0,0.0,0.16,1.0,high
CUST00005,Champions,38,3.0,1781.9,4,5,4,18,1,0.0,0.0,0.48,2.0,medium
CUST00006,Service Recovery,51,4.0,2989.58,3,5,5,2,0,2.0,0.25,0.38,3.0,medium
CUST00007,Growth Potential,3,1.0,719.33,5,1,3,11,3,0.0,0.0,0.18,1.0,low
CUST00008,Mixed Watchlist,47,3.0,2449.11,3,5,5,2,0,0.0,0.0,0.21666666666666667,3.0,medium
CUST00009,Growth Potential,31,1.0,376.85,4,1,2,11,0,0.0,0.0,0.49,1.0,low
CUST00010,Growth Potential,9,1.0,636.8,5,1,2,13,0,0.0,0.0,0.45,1.0,low
CUST00011,Growth Potential,1,1.0,508.08,5,1,2,10,0,0.0,0.0,0.14,1.0,low
CUST00012,Mixed Watchlist,50,1.0,978.88,3,1,3,3,0,0.0,0.0,0.31,1.0,medium
CUST00013,Mixed Watchlist,61,3.0,1754.44,3,5,4,4,0,0.0,0.0,0.23,2.0,medium
CUST00014,Mixed Watchlist,51,2.0,1382.3899999999999,3,3,4,11,0,0.0,0.0,0.14500000000000002,1.0,medium
CUST00015,Loyal Core,35,2.0,1523.1399999999999,4,3,4,6,0,0.0,0.0,0.28500000000000003,2.0,low
CUST00016,Dormant At-Risk,215,0.0,0.0,1,1,1,2,1,0.0,0.0,0.0,0.0,high
CUST00017,Mixed Watchlist,286,0.0,0.0,1,1,1,4,4,0.0,0.0,0.0,0.0,high
CUST00018,Discount-Sensitive,111,1.0,329.21,2,1,1,3,2,0.0,0.0,0.36,1.0,high
CUST00019,Loyal Core,9,2.0,1598.93,5,3,4,5,1,0.0,0.0,0.105,1.0,low
CUST00020,Dormant At-Risk,368,0.0,0.0,1,1,1,0,0,0.0,0.0,0.0,0.0,high
CUST00021,Service Recovery,77,2.0,1059.3,3,3,3,3,0,1.0,0.0,0.435,2.0,high
CUST00022,Growth Potential,29,1.0,454.06,4,1,2,10,1,0.0,0.0,0.31,1.0,low
CUST00023,Growth Potential,21,1.0,400.98,4,1,2,3,1,0.0,0.0,0.25,1.0,low
CUST00024,Growth Potential,4,1.0,481.35,5,1,2,13,0,0.0,0.0,0.34,1.0,low
CUST00025,Mixed Watchlist,165,1.0,517.97,1,1,2,11,1,0.0,0.0,0.38,1.0,high
CUST00026,Service Recovery,72,3.0,3561.3900000000003,3,5,5,14,0,1.0,0.3333333333333333,0.16333333333333333,2.0,medium
CUST00027,Service Recovery,70,1.0,2128.34,3,1,5,11,2,1.0,1.0,0.3,1.0,medium
CUST00028,Mixed Watchlist,83,1.0,641.83,3,1,2,1,0,0.0,0.0,0.11,1.0,high
CUST00029,Champions,18,3.0,1382.04,5,5,4,1,0,0.0,0.0,0.19999999999999998,2.0,low
CUST00030,Loyal Core,5,5.0,2819.98,5,5,5,11,0,2.0,0.0,0.362,4.0,medium
CUST00031,Mixed Watchlist,49,1.0,672.95,3,1,2,6,0,0.0,0.0,0.24,1.0,medium
CUST00032,Growth Potential,33,1.0,694.18,4,1,3,12,0,0.0,0.0,0.32,1.0,low
CUST00033,Loyal Core,12,3.0,1877.69,5,5,4,7,0,1.0,0.3333333333333333,0.4033333333333333,3.0,medium
CUST00034,Service Recovery,50,2.0,1460.21,3,3,4,7,2,1.0,0.0,0.185,2.0,medium
CUST00035,Mixed Watchlist,127,1.0,779.74,2,1,3,6,0,0.0,0.0,0.12,1.0,high
CUST00036,Loyal Core,27,4.0,1737.33,4,5,4,0,0,1.0,0.25,0.365,4.0,medium
CUST00037,Mixed Watchlist,102,1.0,435.83,2,1,2,5,0,0.0,0.0,0.43,1.0,high
CUST00038,Mixed Watchlist,51,3.0,1955.6100000000001,3,5,5,5,0,1.0,0.0,0.31666666666666665,3.0,medium
CUST00039,Loyal Core,15,2.0,1173.55,5,3,3,6,1,0.0,0.0,0.21000000000000002,2.0,low
CUST00040,Dormant At-Risk,154,1.0,634.73,1,1,2,1,0,0.0,0.0,0.38,1.0,high
CUST00041,Discount-Sensitive,54,1.0,366.99,3,1,1,5,2,0.0,0.0,0.44,1.0,medium
CUST00042,Service Recovery,87,5.0,4306.0,2,5,5,3,2,2.0,0.0,0.2,4.0,high
CUST00043,Mixed Watchlist,24,1.0,363.01,4,1,1,3,0,0.0,0.0,0.43,1.0,low
CUST00044,Mixed Watchlist,72,1.0,899.51,3,1,3,6,2,0.0,0.0,0.29,1.0,medium
CUST00045,Mixed Watchlist,96,1.0,413.75,2,1,2,6,1,0.0,0.0,0.33,1.0,high
CUST00046,Mixed Watchlist,127,1.0,489.87,2,1,2,7,0,0.0,0.0,0.13,1.0,high
CUST00047,Dormant At-Risk,204,0.0,0.0,1,1,1,2,1,0.0,0.0,0.0,0.0,high
CUST00048,Mixed Watchlist,61,4.0,2450.45,3,5,5,12,0,0.0,0.25,0.3125,3.0,medium
CUST00049,Growth Potential,8,1.0,380.83,5,1,2,4,1,0.0,0.0,0.47,1.0,low
CUST00050,Loyal Core,0,2.0,2026.54,5,3,5,3,1,0.0,0.5,0.30000000000000004,2.0,low
CUST00051,Mixed Watchlist,210,0.0,0.0,1,1,1,6,2,0.0,0.0,0.0,0.0,high
CUST00052,Mixed Watchlist,55,2.0,1820.53,3,3,4,7,0,0.0,0.0,0.19,2.0,medium
CUST00053,Champions,25,3.0,2063.87,4,5,5,9,1,1.0,0.0,0.4566666666666667,2.0,medium
CUST00054,Mixed Watchlist,6,1.0,489.85,5,1,2,3,0,0.0,0.0,0.25,1.0,low
CUST00055,Champions,3,3.0,1308.35,5,5,4,6,2,0.0,0.0,0.24666666666666667,2.0,low
CUST00056,Champions,9,3.0,3150.6899999999996,5,5,5,3,0,1.0,0.0,0.2866666666666667,2.0,medium
CUST00057,Mixed Watchlist,136,1.0,1713.34,2,1,4,7,1,0.0,0.0,0.14,1.0,high
CUST00058,Growth Potential,42,1.0,644.61,4,1,2,2,4,0.0,0.0,0.21,1.0,medium
CUST00059,Loyal Core,2,2.0,1447.55,5,3,4,3,0,0.0,0.0,0.32,1.0,low
CUST00060,Mixed Watchlist,145,1.0,293.22,2,1,1,5,0,0.0,0.0,0.36,1.0,high
CUST00061,Champions,14,3.0,1632.4,5,5,4,4,1,1.0,0.0,0.4066666666666667,3.0,medium
CUST00062,Champions,21,3.0,2295.98,4,5,5,9,1,0.0,0.0,0.24666666666666667,3.0,low
CUST00063,Dormant At-Risk,216,0.0,0.0,1,1,1,0,0,0.0,0.0,0.0,0.0,high
CUST00064,Growth Potential,2,1.0,654.93,5,1,2,8,0,0.0,0.0,0.43,1.0,low
CUST00065,Growth Potential,6,1.0,1911.67,5,1,5,3,2,0.0,0.0,0.0,1.0,low
CUST00066,Mixed Watchlist,320,0.0,0.0,1,1,1,11,1,0.0,0.0,0.0,0.0,high
CUST00067,Service Recovery,63,2.0,1246.44,3,3,4,1,2,1.0,0.5,0.19999999999999998,2.0,medium
CUST00068,Mixed Watchlist,346,0.0,0.0,1,1,1,5,1,0.0,0.0,0.0,0.0,high
CUST00069,Loyal Core,29,2.0,874.47,4,3,3,9,1,0.0,0.0,0.225,2.0,low
CUST00070,Mixed Watchlist,38,1.0,542.98,4,1,2,1,0,0.0,0.0,0.34,1.0,high
CUST00071,Growth Potential,32,1.0,2062.5,4,1,5,1,2,1.0,0.0,0.08,1.0,high
CUST00072,Mixed Watchlist,90,2.0,1697.8400000000001,2,3,4,7,1,0.0,0.0,0.21,2.0,high
CUST00073,Loyal Core,8,2.0,1150.72,5,3,3,7,1,0.0,0.0,0.235,2.0,low
CUST00074,Growth Potential,7,1.0,824.34,5,1,3,14,1,1.0,1.0,0.23,1.0,medium
CUST00075,Champions,3,3.0,1287.45,5,5,4,10,0,0.0,0.0,0.2966666666666667,3.0,low
CUST00076,Loyal Core,20,2.0,1385.27,5,3,4,17,0,0.0,0.0,0.22000000000000003,1.0,low
CUST00077,Dormant At-Risk,109,1.0,394.32,2,1,2,0,0,0.0,0.0,0.36,1.0,high
CUST00078,Service Recovery,139,1.0,894.45,2,1,3,5,0,0.0,1.0,0.42,1.0,high
CUST00079,Dormant At-Risk,191,0.0,0.0,1,1,1,2,0,0.0,0.0,0.0,0.0,high
CUST00080,Mixed Watchlist,50,1.0,1461.68,3,1,4,11,0,0.0,0.0,0.11,1.0,medium
CUST00081,Champions,19,5.0,3417.3199999999997,5,5,5,12,0,0.0,0.0,0.202,4.0,low
CUST00082,Mixed Watchlist,254,0.0,0.0,1,1,1,7,3,0.0,0.0,0.0,0.0,high
CUST00083,Service Recovery,89,2.0,806.87,2,3,3,9,0,1.0,0.5,0.33499999999999996,1.0,high
CUST00084,Mixed Watchlist,167,1.0,1273.18,1,1,4,11,1,0.0,0.0,0.12,1.0,high
CUST00085,Growth Potential,14,1.0,1257.8,5,1,4,8,0,0.0,0.0,0.2,1.0,low
CUST00086,Champions,21,4.0,1741.15,4,5,4,7,2,1.0,0.0,0.2675,1.0,medium
CUST00087,Mixed Watchlist,44,1.0,933.58,4,1,3,1,0,0.0,0.0,0.38,1.0,high
CUST00088,Mixed Watchlist,98,2.0,1169.14,2,3,3,9,0,0.0,0.0,0.43,2.0,high
CUST00089,Mixed Watchlist,165,1.0,1513.5,1,1,4,12,3,0.0,0.0,0.4,1.0,high
CUST00090,Mixed Watchlist,80,4.0,1966.31,3,5,5,5,0,0.0,0.0,0.375,3.0,high
CUST00091,Mixed Watchlist,90,1.0,311.34,2,1,1,9,0,0.0,0.0,0.36,1.0,high
CUST00092,Mixed Watchlist,21,1.0,430.85,4,1,2,1,0,0.0,0.0,0.26,1.0,high
CUST00093,Mixed Watchlist,85,1.0,759.64,3,1,3,16,4,0.0,0.0,0.12,1.0,high
CUST00094,Mixed Watchlist,183,0.0,0.0,1,1,1,6,1,0.0,0.0,0.0,0.0,high
CUST00095,Discount-Sensitive,65,1.0,372.65,3,1,1,10,1,1.0,0.0,0.41,1.0,medium
CUST00096,Service Recovery,61,2.0,1414.75,3,3,4,12,0,0.0,0.5,0.325,2.0,medium
CUST00097,Champions,1,3.0,2946.09,5,5,5,0,0,0.0,0.0,0.41,1.0,low
CUST00098,Mixed Watchlist,184,0.0,0.0,1,1,1,8,0,0.0,0.0,0.0,0.0,high
CUST00099,Mixed Watchlist,144,2.0,1471.51,2,3,4,4,2,0.0,0.0,0.10500000000000001,1.0,high
CUST00100,Mixed Watchlist,70,1.0,372.37,3,1,1,1,0,0.0,0.0,0.29,1.0,high
CUST00101,Dormant At-Risk,108,2.0,1240.21,2,3,4,2,0,0.0,0.0,0.255,2.0,high
CUST00102,Mixed Watchlist,83,1.0,732.65,3,1,3,2,0,0.0,0.0,0.16,1.0,high
CUST00103,Growth Potential,21,1.0,1469.96,4,1,4,6,1,0.0,0.0,0.08,1.0,low
CUST00104,Mixed Watchlist,93,1.0,955.63,2,1,3,3,0,0.0,0.0,0.31,1.0,high
CUST00105,Mixed Watchlist,46,1.0,2052.43,4,1,5,1,0,0.0,0.0,0.18,1.0,high
CUST00106,Mixed Watchlist,61,1.0,436.15,3,1,2,5,0,0.0,0.0,0.24,1.0,medium
CUST00107,Loyal Core,12,2.0,1658.13,5,3,4,2,0,0.0,0.0,0.125,2.0,low
CUST00108,Service Recovery,44,1.0,1074.5,4,1,3,5,0,1.0,1.0,0.22,1.0,medium
CUST00109,Dormant At-Risk,92,2.0,1622.28,2,3,4,1,1,0.0,0.0,0.255,2.0,high
CUST00110,Loyal Core,35,3.0,2424.8,4,5,5,4,0,2.0,0.0,0.2333333333333333,2.0,medium
CUST00111,Mixed Watchlist,178,1.0,1135.09,1,1,3,3,0,0.0,0.0,0.23,1.0,high
CUST00112,Champions,0,4.0,2225.98,5,5,5,4,0,0.0,0.0,0.3,3.0,low
CUST00113,Loyal Core,28,2.0,1601.31,4,3,4,17,0,0.0,0.0,0.385,2.0,low
CUST00114,Mixed Watchlist,239,0.0,0.0,1,1,1,3,1,0.0,0.0,0.0,0.0,high
CUST00115,Mixed Watchlist,159,1.0,596.54,1,1,2,12,2,0.0,0.0,0.14,1.0,high
CUST00116,Mixed Watchlist,143,1.0,452.08,2,1,2,10,2,0.0,0.0,0.27,1.0,high
CUST00117,Dormant At-Risk,123,2.0,1268.88,2,3,4,2,0,0.0,0.0,0.28,2.0,high
CUST00118,Mixed Watchlist,27,1.0,689.56,4,1,2,2,0,0.0,0.0,0.18,1.0,low
CUST00119,Service Recovery,69,1.0,2019.98,3,1,5,12,0,1.0,0.0,0.25,1.0,medium
CUST00120,Mixed Watchlist,26,1.0,261.95,4,1,1,6,0,0.0,0.0,0.27,1.0,low
CUST00121,Loyal Core,27,2.0,2496.0299999999997,4,3,5,5,1,0.0,0.0,0.19,1.0,low
CUST00122,Discount-Sensitive,106,2.0,2048.93,2,3,5,10,4,0.0,0.0,0.36,2.0,high
CUST00123,Dormant At-Risk,102,4.0,2117.52,2,5,5,2,0,0.0,0.0,0.33499999999999996,3.0,high
CUST00124,Mixed Watchlist,194,0.0,0.0,1,1,1,5,0,0.0,0.0,0.0,0.0,high
CUST00125,Loyal Core,8,2.0,1698.4,5,3,4,0,1,0.0,0.0,0.395,2.0,low
CUST00126,Mixed Watchlist,57,1.0,919.95,3,1,3,5,0,0.0,0.0,0.6,1.0,medium
CUST00127,Loyal Core,24,2.0,729.55,4,3,3,3,0,0.0,0.0,0.29500000000000004,1.0,low
CUST00128,Loyal Core,19,2.0,1716.68,5,3,4,15,0,0.0,0.0,0.42000000000000004,1.0,low
CUST00129,Service Recovery,83,3.0,3369.08,3,5,5,7,0,1.0,0.3333333333333333,0.3133333333333333,2.0,high
CUST00130,Mixed Watchlist,88,1.0,1272.47,2,1,4,9,0,0.0,0.0,0.48,1.0,high
CUST00131,Mixed Watchlist,67,1.0,2157.15,3,1,5,4,0,0.0,0.0,0.17,1.0,medium
CUST00132,Dormant At-Risk,117,1.0,1621.76,2,1,4,1,0,0.0,0.0,0.18,1.0,high
CUST00133,Discount-Sensitive,54,6.0,4776.26,3,5,5,5,1,0.0,0.0,0.365,3.0,medium
CUST00134,Loyal Core,35,2.0,1527.1100000000001,4,3,4,11,0,0.0,0.5,0.3,2.0,low
CUST00135,Mixed Watchlist,333,0.0,0.0,1,1,1,3,1,0.0,0.0,0.0,0.0,high
CUST00136,Mixed Watchlist,71,1.0,514.9,3,1,2,7,0,0.0,0.0,0.3,1.0,medium
CUST00137,Mixed Watchlist,177,2.0,1035.87,1,3,3,4,0,0.0,0.0,0.315,2.0,high
CUST00138,Discount-Sensitive,61,1.0,905.11,3,1,3,5,1,0.0,0.0,0.46,1.0,medium
CUST00139,Loyal Core,28,2.0,1715.4,4,3,4,5,0,2.0,0.0,0.295,2.0,medium
CUST00140,Champions,6,3.0,3416.05,5,5,5,14,0,1.0,0.0,0.24666666666666667,3.0,medium
CUST00141,Growth Potential,28,1.0,647.85,4,1,2,4,1,0.0,0.0,0.23,1.0,low
CUST00142,Dormant At-Risk,169,1.0,369.26,1,1,1,2,0,0.0,0.0,0.37,1.0,high
CUST00143,Champions,32,3.0,4028.8,4,5,5,5,1,0.0,0.0,0.14,3.0,low
CUST00144,Service Recovery,86,2.0,928.5799999999999,2,3,3,8,2,1.0,0.0,0.29500000000000004,2.0,high
CUST00145,Mixed Watchlist,30,1.0,502.35,4,1,2,0,0,0.0,0.0,0.11,1.0,high
CUST00146,Mixed Watchlist,108,1.0,986.21,2,1,3,4,1,0.0,0.0,0.31,1.0,high
CUST00147,Mixed Watchlist,84,3.0,2809.3199999999997,3,5,5,1,0,0.0,0.0,0.18333333333333335,2.0,high
CUST00148,Champions,4,3.0,1990.51,5,5,5,5,1,0.0,0.0,0.25,3.0,low
CUST00149,Growth Potential,8,1.0,787.94,5,1,3,8,0,0.0,0.0,0.2,1.0,low
CUST00150,Loyal Core,45,2.0,1008.65,4,3,3,6,2,0.0,0.0,0.375,2.0,medium
CUST00151,Mixed Watchlist,62,3.0,2844.17,3,5,5,7,0,0.0,0.0,0.17333333333333334,2.0,medium
CUST00152,Loyal Core,46,3.0,2730.26,4,5,5,19,3,3.0,0.0,0.3666666666666667,2.0,medium
CUST00153,Mixed Watchlist,3,1.0,977.12,5,1,3,6,0,0.0,0.0,0.37,1.0,low
CUST00154,Champions,10,4.0,3935.38,5,5,5,8,0,0.0,0.0,0.24,4.0,low
CUST00155,Champions,2,3.0,2024.8,5,5,5,6,0,0.0,0.0,0.39666666666666667,2.0,low
CUST00156,Loyal Core,34,2.0,4241.75,4,3,5,14,0,1.0,0.5,0.14500000000000002,1.0,medium
CUST00157,Growth Potential,0,1.0,376.83,5,1,2,3,1,0.0,0.0,0.22,1.0,low
CUST00158,Mixed Watchlist,155,1.0,812.34,1,1,3,8,1,0.0,0.0,0.25,1.0,high
CUST00159,Dormant At-Risk,474,0.0,0.0,1,1,1,0,0,0.0,0.0,0.0,0.0,high
CUST00160,Mixed Watchlist,177,1.0,433.18,1,1,2,4,0,0.0,0.0,0.23,1.0,high
CUST00161,Champions,20,3.0,1738.05,5,5,4,7,1,0.0,0.0,0.29333333333333333,2.0,low
CUST00162,Dormant At-Risk,91,2.0,1194.5900000000001,2,3,4,2,0,0.0,0.0,0.29000000000000004,1.0,high
CUST00163,Discount-Sensitive,70,1.0,275.41,3,1,1,3,2,0.0,0.0,0.37,1.0,medium
CUST00164,Dormant At-Risk,222,0.0,0.0,1,1,1,1,0,0.0,0.0,0.0,0.0,high
CUST00165,Dormant At-Risk,103,3.0,1825.77,2,5,4,2,0,0.0,0.0,0.31,1.0,high
CUST00166,Mixed Watchlist,15,1.0,1269.41,5,1,4,1,0,1.0,0.0,0.37,1.0,high
CUST00167,Dormant At-Risk,219,0.0,0.0,1,1,1,0,1,0.0,0.0,0.0,0.0,high
CUST00168,Mixed Watchlist,85,2.0,2194.9300000000003,3,3,5,2,0,0.0,0.0,0.01,2.0,high
CUST00169,Dormant At-Risk,222,0.0,0.0,1,1,1,1,0,0.0,0.0,0.0,0.0,high
CUST00170,Loyal Core,9,2.0,1708.2199999999998,5,3,4,5,0,0.0,0.0,0.22,1.0,low
CUST00171,Growth Potential,12,1.0,1077.78,5,1,3,9,0,0.0,0.0,0.38,1.0,low
CUST00172,Growth Potential,8,1.0,1366.0,5,1,4,5,2,1.0,0.0,0.39,1.0,medium
CUST00173,Mixed Watchlist,79,1.0,225.12,3,1,1,10,0,0.0,0.0,0.27,1.0,high
CUST00174,Mixed Watchlist,86,1.0,168.97,2,1,1,14,0,0.0,0.0,0.42,1.0,high
CUST00175,Mixed Watchlist,59,2.0,1378.77,3,3,4,5,0,0.0,0.0,0.21,2.0,medium
CUST00176,Champions,37,3.0,3830.31,4,5,5,12,0,0.0,0.0,0.3433333333333333,3.0,medium
CUST00177,Mixed Watchlist,82,1.0,255.04,3,1,1,12,0,0.0,0.0,0.42,1.0,high
CUST00178,Loyal Core,5,2.0,1583.88,5,3,4,10,0,2.0,1.0,0.165,2.0,medium
CUST00179,Loyal Core,38,3.0,1585.62,4,5,4,11,2,2.0,0.0,0.44333333333333336,2.0,medium
CUST00180,Service Recovery,96,2.0,1570.85,2,3,4,9,0,0.0,0.5,0.26,1.0,high
CUST00181,Growth Potential,6,1.0,1107.73,5,1,3,7,1,0.0,0.0,0.0,1.0,low
CUST00182,Growth Potential,31,1.0,305.3,4,1,1,12,0,0.0,0.0,0.31,1.0,low
CUST00183,Dormant At-Risk,152,1.0,1689.98,1,1,4,1,1,0.0,0.0,0.18,1.0,high
CUST00184,Champions,14,3.0,2456.91,5,5,5,6,0,0.0,0.0,0.2866666666666667,2.0,low
CUST00185,Mixed Watchlist,114,2.0,866.52,2,3,3,11,1,0.0,0.0,0.315,2.0,high
CUST00186,Service Recovery,41,1.0,714.65,4,1,3,2,0,1.0,0.0,0.33,1.0,medium
CUST00187,Dormant At-Risk,149,1.0,491.11,1,1,2,0,1,0.0,0.0,0.5,1.0,high
CUST00188,Loyal Core,29,2.0,1880.31,4,3,4,11,0,1.0,0.0,0.23,2.0,medium
CUST00189,Mixed Watchlist,140,1.0,574.39,2,1,2,10,0,0.0,0.0,0.32,1.0,high
CUST00190,Service Recovery,6,1.0,482.88,5,1,2,6,0,1.0,0.0,0.13,1.0,medium
CUST00191,Mixed Watchlist,28,1.0,149.0,4,1,1,6,0,0.0,0.0,0.34,1.0,low
CUST00192,Mixed Watchlist,55,3.0,2263.95,3,5,5,8,1,0.0,0.0,0.28,3.0,medium
CUST00193,Mixed Watchlist,157,1.0,424.74,1,1,2,3,2,0.0,0.0,0.21,1.0,high
CUST00194,Discount-Sensitive,80,3.0,2967.67,3,5,5,13,3,1.0,0.3333333333333333,0.4066666666666667,2.0,high
CUST00195,Service Recovery,23,1.0,654.27,4,1,2,5,0,1.0,0.0,0.17,1.0,medium
CUST00196,Loyal Core,24,2.0,1272.38,4,3,4,1,0,1.0,0.0,0.28,2.0,medium
CUST00197,Loyal Core,15,2.0,2989.16,5,3,5,11,0,1.0,0.0,0.305,2.0,medium
CUST00198,Champions,37,4.0,4324.83,4,5,5,1,1,0.0,0.0,0.2725,2.0,medium
CUST00199,Champions,6,4.0,3273.56,5,5,5,3,0,1.0,0.0,0.22749999999999998,4.0,medium
CUST00200,Champions,15,3.0,3726.66,5,5,5,7,4,0.0,0.0,0.12333333333333334,3.0,low
CUST00201,Mixed Watchlist,93,1.0,598.21,2,1,2,3,0,1.0,0.0,0.14,1.0,high
CUST00202,Mixed Watchlist,141,1.0,1220.26,2,1,4,9,1,0.0,0.0,0.33,1.0,high
CUST00203,Mixed Watchlist,114,2.0,743.3499999999999,2,3,3,6,0,0.0,0.0,0.39,2.0,high
CUST00204,Growth Potential,42,1.0,519.21,4,1,2,17,0,0.0,0.0,0.28,1.0,medium
CUST00205,Champions,30,3.0,1548.05,4,5,4,13,0,0.0,0.0,0.25,3.0,low
CUST00206,Discount-Sensitive,118,2.0,831.29,2,3,3,7,2,0.0,0.0,0.375,2.0,high
CUST00207,Growth Potential,18,1.0,193.1,5,1,1,11,2,0.0,0.0,0.62,1.0,low
CUST00208,Service Recovery,91,4.0,3282.2999999999997,2,5,5,2,1,1.0,0.0,0.18,3.0,high
CUST00209,Mixed Watchlist,279,0.0,0.0,1,1,1,3,0,0.0,0.0,0.0,0.0,high
CUST00210,Mixed Watchlist,128,1.0,409.67,2,1,2,3,0,0.0,0.0,0.41,1.0,high
CUST00211,Mixed Watchlist,90,2.0,3032.55,2,3,5,4,0,0.0,0.0,0.38,2.0,high
CUST00212,Mixed Watchlist,204,0.0,0.0,1,1,1,3,1,0.0,0.0,0.0,0.0,high
CUST00213,Service Recovery,86,1.0,1266.34,2,1,4,2,0,1.0,1.0,0.09,1.0,high
CUST00214,Mixed Watchlist,64,1.0,1427.16,3,1,4,3,0,0.0,0.0,0.22,1.0,medium
CUST00215,Growth Potential,34,1.0,646.51,4,1,2,8,2,0.0,0.0,0.01,1.0,low
CUST00216,Service Recovery,48,1.0,1349.42,3,1,4,7,0,1.0,1.0,0.27,1.0,medium
CUST00217,Mixed Watchlist,79,2.0,861.1800000000001,3,3,3,2,0,0.0,0.0,0.36,1.0,high
CUST00218,Mixed Watchlist,23,1.0,713.95,4,1,3,1,0,0.0,0.0,0.11,1.0,high
CUST00219,Mixed Watchlist,154,2.0,1225.24,1,3,4,3,1,0.0,0.0,0.47,2.0,high
CUST00220,Loyal Core,25,2.0,745.67,4,3,3,14,2,1.0,0.0,0.19,2.0,medium
CUST00221,Loyal Core,7,2.0,781.03,5,3,3,16,2,0.0,0.0,0.345,2.0,low
CUST00222,Dormant At-Risk,186,0.0,0.0,1,1,1,1,0,0.0,0.0,0.0,0.0,high
CUST00223,Dormant At-Risk,103,1.0,757.58,2,1,3,1,0,0.0,0.0,0.53,1.0,high
CUST00224,Discount-Sensitive,89,1.0,747.2,2,1,3,1,1,0.0,0.0,0.4,1.0,high
CUST00225,Mixed Watchlist,88,2.0,2563.85,2,3,5,3,0,0.0,0.0,0.33499999999999996,2.0,high
CUST00226,Service Recovery,54,3.0,2345.42,3,5,5,6,0,1.0,0.3333333333333333,0.15666666666666668,1.0,medium
CUST00227,Dormant At-Risk,153,1.0,1070.42,1,1,3,0,0,0.0,0.0,0.37,1.0,high
CUST00228,Mixed Watchlist,82,3.0,1343.2,3,5,4,6,2,0.0,0.0,0.33,3.0,high
CUST00229,Mixed Watchlist,92,1.0,558.95,2,1,2,8,0,0.0,0.0,0.17,1.0,high
CUST00230,Champions,37,6.0,6235.96,4,5,5,17,1,0.0,0.0,0.21833333333333335,3.0,medium
CUST00231,Mixed Watchlist,23,1.0,397.92,4,1,2,6,0,0.0,0.0,0.29,1.0,low
CUST00232,Mixed Watchlist,55,1.0,786.26,3,1,3,2,0,0.0,0.0,0.33,1.0,medium
CUST00233,Mixed Watchlist,361,0.0,0.0,1,1,1,5,1,0.0,0.0,0.0,0.0,high
CUST00234,Loyal Core,17,2.0,1421.1,5,3,4,6,0,0.0,0.0,0.135,2.0,low
CUST00235,Dormant At-Risk,125,1.0,556.26,2,1,2,2,0,0.0,0.0,0.34,1.0,high
CUST00236,Mixed Watchlist,62,1.0,782.89,3,1,3,8,0,1.0,0.0,0.37,1.0,medium
CUST00237,Champions,15,4.0,3607.29,5,5,5,8,1,0.0,0.0,0.2525,2.0,low
CUST00238,Mixed Watchlist,78,1.0,643.9,3,1,2,1,0,1.0,0.0,0.33,1.0,high
CUST00239,Mixed Watchlist,320,0.0,0.0,1,1,1,4,0,0.0,0.0,0.0,0.0,high
CUST00240,Service Recovery,56,2.0,2277.31,3,3,5,4,0,1.0,0.0,0.18,2.0,medium
CUST00241,Loyal Core,6,2.0,2710.9300000000003,5,3,5,12,1,0.0,0.0,0.37,2.0,low
CUST00242,Mixed Watchlist,82,3.0,2195.42,3,5,5,11,5,0.0,0.0,0.31666666666666665,2.0,high
CUST00243,Service Recovery,69,1.0,444.6,3,1,2,3,0,1.0,1.0,0.43,1.0,medium
CUST00244,Dormant At-Risk,144,2.0,2449.86,2,3,5,1,0,0.0,0.0,0.22499999999999998,1.0,high
CUST00245,Discount-Sensitive,73,2.0,1245.78,3,3,4,6,4,0.0,0.0,0.36,2.0,medium
CUST00246,Service Recovery,52,2.0,852.1000000000001,3,3,3,6,1,1.0,0.0,0.24,2.0,medium
CUST00247,Discount-Sensitive,57,2.0,937.3199999999999,3,3,3,5,2,0.0,0.0,0.5,1.0,medium
CUST00248,Mixed Watchlist,71,3.0,1182.12,3,5,4,2,0,0.0,0.0,0.31,3.0,medium
CUST00249,Mixed Watchlist,162,1.0,244.33,1,1,1,5,1,0.0,0.0,0.38,1.0,high
CUST00250,Mixed Watchlist,35,1.0,837.19,4,1,3,6,0,0.0,0.0,0.3,1.0,low
CUST00251,Growth Potential,41,1.0,966.73,4,1,3,14,0,1.0,1.0,0.37,1.0,medium
CUST00252,Mixed Watchlist,190,0.0,0.0,1,1,1,4,2,0.0,0.0,0.0,0.0,high
CUST00253,Mixed Watchlist,191,0.0,0.0,1,1,1,3,1,0.0,0.0,0.0,0.0,high
CUST00254,Mixed Watchlist,183,0.0,0.0,1,1,1,4,1,0.0,0.0,0.0,0.0,high
CUST00255,Loyal Core,22,4.0,2792.14,4,5,5,10,1,1.0,0.25,0.2,4.0,medium
CUST00256,Dormant At-Risk,181,0.0,0.0,1,1,1,1,0,0.0,0.0,0.0,0.0,high
CUST00257,Mixed Watchlist,55,2.0,1042.47,3,3,3,7,0,0.0,0.0,0.3,2.0,medium
CUST00258,Champions,42,3.0,2284.5,4,5,5,7,0,0.0,0.0,0.33,2.0,medium
CUST00259,Dormant At-Risk,192,0.0,0.0,1,1,1,0,0,0.0,0.0,0.0,0.0,high
CUST00260,Loyal Core,2,2.0,1820.81,5,3,4,7,0,0.0,0.0,0.395,1.0,low
CUST00261,Mixed Watchlist,51,1.0,350.44,3,1,1,0,0,0.0,0.0,0.44,1.0,high
CUST00262,Loyal Core,9,2.0,1318.44,5,3,4,5,0,0.0,0.0,0.12,2.0,low
CUST00263,Loyal Core,25,3.0,1618.39,4,5,4,15,2,2.0,0.6666666666666666,0.37333333333333335,3.0,medium
CUST00264,Growth Potential,31,2.0,671.0999999999999,4,3,2,7,1,1.0,0.0,0.31,2.0,medium
CUST00265,Mixed Watchlist,77,1.0,510.24,3,1,2,7,0,0.0,0.0,0.38,1.0,high
CUST00266,Dormant At-Risk,158,2.0,2193.5499999999997,1,3,5,1,0,0.0,0.5,0.29500000000000004,1.0,high
CUST00267,Growth Potential,29,1.0,441.97,4,1,2,8,0,1.0,0.0,0.37,1.0,medium
CUST00268,Champions,9,2.0,1517.09,5,4,4,6,1,1.0,0.0,0.41500000000000004,2.0,medium
CUST00269,Champions,30,3.0,2563.9300000000003,4,5,5,11,1,0.0,0.0,0.33,3.0,low
CUST00270,Mixed Watchlist,75,2.0,968.72,3,4,3,8,2,0.0,0.0,0.24000000000000002,2.0,medium
CUST00271,Champions,32,2.0,1421.17,4,4,4,1,0,0.0,0.0,0.19,1.0,low
CUST00272,Champions,12,5.0,3882.03,5,5,5,7,0,0.0,0.0,0.20800000000000002,3.0,low
CUST00273,Champions,13,5.0,4433.41,5,5,5,7,1,0.0,0.0,0.194,2.0,low
CUST00274,Mixed Watchlist,71,1.0,695.0,3,1,3,1,0,0.0,0.0,0.36,1.0,high
CUST00275,Mixed Watchlist,241,0.0,0.0,1,1,1,5,1,0.0,0.0,0.0,0.0,high
CUST00276,Mixed Watchlist,47,2.0,3495.3,3,4,5,9,1,0.0,0.0,0.21500000000000002,2.0,medium
CUST00277,Mixed Watchlist,2,1.0,304.61,5,1,1,2,0,0.0,0.0,0.23,1.0,low
CUST00278,Mixed Watchlist,69,1.0,339.56,3,1,1,7,0,1.0,0.0,0.27,1.0,medium
CUST00279,Champions,12,3.0,2035.77,5,5,5,9,2,0.0,0.0,0.3233333333333333,2.0,low
CUST00280,Champions,10,2.0,1858.49,5,4,4,6,0,0.0,0.0,0.2,2.0,low
CUST00281,Loyal Core,35,2.0,1161.06,4,4,3,3,0,0.0,0.0,0.335,2.0,low
CUST00282,Dormant At-Risk,296,0.0,0.0,1,1,1,1,0,0.0,0.0,0.0,0.0,high
CUST00283,Champions,18,3.0,2546.58,5,5,5,8,0,1.0,0.0,0.3233333333333333,2.0,medium
CUST00284,Dormant At-Risk,291,0.0,0.0,1,1,1,1,1,0.0,0.0,0.0,0.0,high
CUST00285,Loyal Core,13,2.0,1070.21,5,4,3,10,0,0.0,0.0,0.38,1.0,low
CUST00286,Dormant At-Risk,369,0.0,0.0,1,1,1,1,1,0.0,0.0,0.0,0.0,high
CUST00287,Mixed Watchlist,69,2.0,2536.41,3,4,5,8,1,0.0,0.0,0.185,2.0,medium
CUST00288,Dormant At-Risk,110,2.0,1096.1,2,4,3,1,0,0.0,0.0,0.255,1.0,high
CUST00289,Loyal Core,5,2.0,811.06,5,4,3,5,0,0.0,0.0,0.36,2.0,low
CUST00290,Service Recovery,9,1.0,251.16,5,1,1,6,0,1.0,0.0,0.34,1.0,medium
CUST00291,Service Recovery,58,1.0,1708.29,3,1,4,4,1,1.0,0.0,0.2,1.0,medium
CUST00292,Growth Potential,43,1.0,657.91,4,1,2,6,2,1.0,1.0,0.08,1.0,medium
CUST00293,Mixed Watchlist,230,0.0,0.0,1,1,1,3,0,0.0,0.0,0.0,0.0,high
CUST00294,Mixed Watchlist,102,1.0,1714.42,2,1,4,15,6,0.0,0.0,0.12,1.0,high
CUST00295,Mixed Watchlist,16,1.0,556.31,5,1,2,2,0,0.0,0.0,0.51,1.0,low
CUST00296,Dormant At-Risk,132,1.0,560.55,2,1,2,2,0,0.0,0.0,0.12,1.0,high
CUST00297,Mixed Watchlist,154,1.0,1130.29,1,1,3,13,2,0.0,0.0,0.16,1.0,high
CUST00298,Mixed Watchlist,201,0.0,0.0,1,1,1,6,2,0.0,0.0,0.0,0.0,high
CUST00299,Dormant At-Risk,343,0.0,0.0,1,1,1,0,0,0.0,0.0,0.0,0.0,high
CUST00300,Mixed Watchlist,5,1.0,459.9,5,1,2,5,0,0.0,0.0,0.42,1.0,low
CUST00301,Champions,9,2.0,1279.6,5,4,4,7,0,1.0,0.0,0.20500000000000002,1.0,medium
CUST00302,Mixed Watchlist,148,2.0,1740.35,1,4,4,4,2,0.0,0.5,0.38,2.0,high
CUST00303,Mixed Watchlist,48,2.0,1965.56,3,4,5,6,1,0.0,0.0,0.175,2.0,medium
CUST00304,Mixed Watchlist,87,2.0,1687.98,2,4,4,4,3,0.0,0.0,0.205,2.0,high
CUST00305,Mixed Watchlist,166,1.0,531.59,1,1,2,6,0,0.0,0.0,0.19,1.0,high
CUST00306,Champions,19,3.0,2579.1600000000003,5,5,5,2,2,1.0,0.0,0.19000000000000003,2.0,medium
CUST00307,Service Recovery,32,1.0,307.42,4,1,1,0,0,1.0,1.0,0.5,1.0,high
CUST00308,Mixed Watchlist,66,2.0,1535.15,3,4,4,7,1,0.0,0.0,0.26,1.0,medium
CUST00309,Growth Potential,8,1.0,1014.02,5,1,3,13,1,0.0,0.0,0.35,1.0,low
CUST00310,Service Recovery,22,1.0,578.27,4,1,2,5,0,1.0,1.0,0.2,1.0,medium
CUST00311,Mixed Watchlist,48,1.0,1336.82,3,1,4,4,0,0.0,0.0,0.1,1.0,medium
CUST00312,Mixed Watchlist,64,1.0,486.27,3,1,2,9,0,0.0,0.0,0.2,1.0,medium
CUST00313,Mixed Watchlist,162,1.0,769.77,1,1,3,16,0,0.0,0.0,0.33,1.0,high
CUST00314,Mixed Watchlist,16,1.0,560.98,5,1,2,0,0,0.0,0.0,0.29,1.0,high
CUST00315,Champions,17,6.0,6768.080000000001,5,5,5,11,4,0.0,0.0,0.33,4.0,low
CUST00316,Service Recovery,97,2.0,1079.82,2,4,3,1,2,0.0,0.5,0.32,2.0,high
CUST00317,Mixed Watchlist,100,1.0,1353.24,2,1,4,8,0,0.0,0.0,0.19,1.0,high
CUST00318,Mixed Watchlist,47,2.0,1908.68,3,4,5,2,0,0.0,0.0,0.27,2.0,medium
CUST00319,Dormant At-Risk,147,1.0,460.74,2,1,2,0,0,0.0,0.0,0.33,1.0,high
CUST00320,Champions,25,3.0,1395.26,4,5,4,10,1,0.0,0.0,0.2966666666666667,2.0,low
CUST00321,Dormant At-Risk,116,2.0,1114.17,2,4,3,1,2,0.0,0.0,0.31,2.0,high
CUST00322,Champions,4,5.0,3351.86,5,5,5,5,0,0.0,0.0,0.384,2.0,low
CUST00323,Champions,5,2.0,2509.86,5,4,5,6,0,0.0,0.0,0.30000000000000004,2.0,low
CUST00324,Dormant At-Risk,274,0.0,0.0,1,1,1,0,0,0.0,0.0,0.0,0.0,high
CUST00325,Champions,44,3.0,3542.89,4,5,5,6,1,0.0,0.0,0.24,2.0,medium
CUST00326,Mixed Watchlist,124,1.0,471.14,2,1,2,7,3,0.0,0.0,0.22,1.0,high
CUST00327,Growth Potential,2,1.0,367.29,5,1,1,7,1,0.0,0.0,0.41,1.0,low
CUST00328,Dormant At-Risk,322,0.0,0.0,1,1,1,2,0,0.0,0.0,0.0,0.0,high
CUST00329,Mixed Watchlist,1,1.0,299.28,5,1,1,1,0,0.0,0.0,0.06,1.0,high
CUST00330,Mixed Watchlist,74,3.0,1307.8000000000002,3,5,4,1,0,1.0,0.0,0.33,2.0,medium
CUST00331,Dormant At-Risk,151,1.0,505.92,1,1,2,1,0,0.0,0.0,0.49,1.0,high
CUST00332,Loyal Core,24,2.0,2059.8,4,4,5,0,0,2.0,0.5,0.375,1.0,medium
CUST00333,Mixed Watchlist,75,1.0,870.15,3,1,3,3,0,0.0,0.0,0.07,1.0,medium
CUST00334,Service Recovery,85,1.0,731.49,3,1,3,2,0,1.0,1.0,0.07,1.0,high
CUST00335,Mixed Watchlist,148,2.0,1328.1399999999999,1,4,4,7,1,0.0,0.0,0.38,1.0,high
CUST00336,Loyal Core,29,2.0,1156.25,4,4,3,5,0,0.0,0.0,0.135,2.0,low
CUST00337,Champions,7,2.0,1887.73,5,4,4,2,0,1.0,0.0,0.385,2.0,medium
CUST00338,Service Recovery,12,1.0,887.38,5,1,3,6,0,1.0,1.0,0.27,1.0,medium
CUST00339,Mixed Watchlist,92,1.0,465.18,2,1,2,13,0,0.0,0.0,0.17,1.0,high
CUST00340,Loyal Core,46,3.0,1900.4,4,5,4,8,1,0.0,0.3333333333333333,0.23666666666666666,3.0,medium
CUST00341,Growth Potential,19,1.0,790.16,5,1,3,11,0,0.0,0.0,0.46,1.0,low
CUST00342,Champions,1,2.0,2309.31,5,4,5,9,0,1.0,0.0,0.33499999999999996,1.0,medium
CUST00343,Mixed Watchlist,94,1.0,410.91,2,1,2,7,1,0.0,0.0,0.13,1.0,high
CUST00344,Mixed Watchlist,189,0.0,0.0,1,1,1,5,0,0.0,0.0,0.0,0.0,high
CUST00345,Champions,3,3.0,3946.38,5,5,5,15,0,0.0,0.0,0.12666666666666668,2.0,low
CUST00346,Discount-Sensitive,72,1.0,494.2,3,1,2,13,1,0.0,0.0,0.34,1.0,medium
CUST00347,Mixed Watchlist,184,0.0,0.0,1,1,1,8,1,0.0,0.0,0.0,0.0,high
CUST00348,Champions,1,3.0,2509.74,5,5,5,14,2,0.0,0.0,0.25666666666666665,3.0,low
CUST00349,Mixed Watchlist,74,3.0,2183.21,3,5,5,2,0,0.0,0.0,0.24333333333333332,2.0,medium
CUST00350,Growth Potential,41,1.0,537.51,4,1,2,18,0,0.0,0.0,0.12,1.0,medium
CUST00351,Loyal Core,9,3.0,2713.2200000000003,5,5,5,4,0,1.0,0.3333333333333333,0.2866666666666667,2.0,medium
CUST00352,Growth Potential,27,1.0,1000.77,4,1,3,13,1,0.0,0.0,0.12,1.0,low
CUST00353,Mixed Watchlist,118,2.0,753.9200000000001,2,4,3,4,1,0.0,0.0,0.215,1.0,high
CUST00354,Loyal Core,36,2.0,1158.36,4,4,3,4,1,0.0,0.0,0.365,2.0,medium
CUST00355,Mixed Watchlist,171,1.0,715.18,1,1,3,4,2,0.0,0.0,0.03,1.0,high
CUST00356,Champions,7,4.0,2192.5699999999997,5,5,5,10,1,0.0,0.0,0.215,4.0,low
CUST00357,Growth Potential,42,1.0,513.15,4,1,2,9,1,1.0,0.0,0.29,1.0,medium
CUST00358,Mixed Watchlist,101,2.0,1523.3600000000001,2,4,4,4,0,0.0,0.0,0.33499999999999996,2.0,high
CUST00359,Champions,3,3.0,2276.09,5,5,5,0,0,0.0,0.0,0.24333333333333332,3.0,low
CUST00360,Mixed Watchlist,2,1.0,1731.67,5,1,4,1,0,0.0,0.0,0.33,1.0,high
CUST00361,Mixed Watchlist,169,1.0,361.04,1,1,1,3,1,0.0,1.0,0.12,1.0,high
CUST00362,Champions,23,3.0,1795.3,4,5,4,12,0,0.0,0.0,0.27666666666666667,3.0,low
CUST00363,Service Recovery,27,1.0,413.99,4,1,2,2,0,1.0,0.0,0.32,1.0,medium
CUST00364,Dormant At-Risk,359,0.0,0.0,1,1,1,0,0,0.0,0.0,0.0,0.0,high
CUST00365,Mixed Watchlist,158,1.0,1015.06,1,1,3,7,0,0.0,0.0,0.21,1.0,high
CUST00366,Dormant At-Risk,92,2.0,3930.92,2,4,5,2,0,0.0,0.0,0.235,2.0,high
CUST00367,Dormant At-Risk,212,0.0,0.0,1,1,1,1,1,0.0,0.0,0.0,0.0,high
CUST00368,Service Recovery,55,1.0,348.81,3,1,1,7,0,1.0,1.0,0.25,1.0,medium
CUST00369,Mixed Watchlist,71,1.0,910.05,3,1,3,7,1,0.0,0.0,0.16,1.0,medium
CUST00370,Mixed Watchlist,172,1.0,452.14,1,1,2,8,1,0.0,0.0,0.42,1.0,high
CUST00371,Mixed Watchlist,124,1.0,912.11,2,1,3,4,0,0.0,0.0,0.07,1.0,high
CUST00372,Mixed Watchlist,56,1.0,431.11,3,1,2,2,0,1.0,0.0,0.38,1.0,medium
CUST00373,Mixed Watchlist,73,2.0,1612.8899999999999,3,4,4,9,1,0.0,0.0,0.3,2.0,medium
CUST00374,Dormant At-Risk,219,0.0,0.0,1,1,1,0,3,0.0,0.0,0.0,0.0,high
CUST00375,Service Recovery,85,2.0,812.45,3,4,3,2,0,1.0,0.0,0.435,2.0,high
CUST00376,Champions,45,2.0,1345.22,4,4,4,5,0,0.0,0.0,0.12000000000000001,2.0,medium
CUST00377,Mixed Watchlist,80,3.0,1386.54,3,5,4,10,0,0.0,0.0,0.3133333333333333,2.0,high
CUST00378,Mixed Watchlist,99,1.0,1622.32,2,1,4,4,0,0.0,0.0,0.29,1.0,high
CUST00379,Mixed Watchlist,75,1.0,538.25,3,1,2,2,0,0.0,0.0,0.11,1.0,medium
CUST00380,Champions,39,3.0,1274.45,4,5,4,8,0,0.0,0.0,0.4266666666666667,3.0,medium
CUST00381,Dormant At-Risk,182,0.0,0.0,1,1,1,2,0,0.0,0.0,0.0,0.0,high
CUST00382,Loyal Core,45,2.0,766.55,4,4,3,6,0,0.0,0.0,0.105,2.0,medium
CUST00383,Loyal Core,8,5.0,2977.2799999999997,5,5,5,14,1,1.0,0.2,0.21400000000000002,3.0,medium
CUST00384,Mixed Watchlist,26,1.0,470.31,4,1,2,0,0,0.0,0.0,0.22,1.0,high
CUST00385,Mixed Watchlist,63,3.0,1877.75,3,5,4,6,1,0.0,0.0,0.3233333333333333,2.0,medium
CUST00386,Champions,0,2.0,1407.4099999999999,5,4,4,13,2,0.0,0.0,0.29,2.0,low
CUST00387,Mixed Watchlist,40,1.0,721.21,4,1,3,1,0,0.0,0.0,0.31,1.0,high
CUST00388,Growth Potential,37,1.0,528.39,4,1,2,6,3,0.0,0.0,0.37,1.0,medium
CUST00389,Champions,14,5.0,3373.19,5,5,5,11,2,1.0,0.0,0.34400000000000003,2.0,medium
CUST00390,Discount-Sensitive,54,2.0,1639.4299999999998,3,4,4,4,1,1.0,0.0,0.35,2.0,medium
CUST00391,Champions,1,2.0,2384.79,5,4,5,4,0,0.0,0.0,0.16999999999999998,2.0,low
CUST00392,Discount-Sensitive,133,1.0,716.98,2,1,3,4,1,0.0,0.0,0.39,1.0,high
CUST00393,Champions,12,2.0,2231.04,5,4,5,5,1,1.0,0.0,0.19,2.0,medium
CUST00394,Growth Potential,1,1.0,404.19,5,1,2,12,0,1.0,0.0,0.21,1.0,medium
CUST00395,Growth Potential,35,1.0,633.86,4,1,2,12,0,0.0,0.0,0.48,1.0,low
CUST00396,Champions,10,5.0,3031.7799999999997,5,5,5,10,2,1.0,0.0,0.21399999999999997,4.0,medium
CUST00397,Service Recovery,79,1.0,1203.27,3,1,4,3,2,1.0,0.0,0.3,1.0,high
CUST00398,Champions,8,3.0,2505.73,5,5,5,11,0,1.0,0.0,0.23666666666666666,3.0,medium
CUST00399,Mixed Watchlist,262,0.0,0.0,1,1,1,3,0,0.0,0.0,0.0,0.0,high
CUST00400,Growth Potential,44,1.0,402.05,4,1,2,9,0,0.0,0.0,0.61,1.0,medium
CUST00401,Service Recovery,66,1.0,568.99,3,1,2,2,0,1.0,0.0,0.19,1.0,medium
CUST00402,Dormant At-Risk,132,1.0,192.19,2,1,1,1,1,0.0,0.0,0.28,1.0,high
CUST00403,Champions,21,2.0,2029.3200000000002,4,4,5,15,1,0.0,0.0,0.12,2.0,low
CUST00404,Dormant At-Risk,193,0.0,0.0,1,1,1,1,1,0.0,0.0,0.0,0.0,high
CUST00405,Service Recovery,2,1.0,282.03,5,1,1,4,0,1.0,1.0,0.5,1.0,medium
CUST00406,Loyal Core,10,3.0,997.27,5,5,3,10,0,1.0,0.0,0.3433333333333333,1.0,medium
CUST00407,Mixed Watchlist,18,1.0,1569.01,5,1,4,0,0,0.0,0.0,0.36,1.0,high
CUST00408,Growth Potential,40,1.0,729.14,4,1,3,0,1,0.0,0.0,0.13,1.0,high
CUST00409,Service Recovery,58,3.0,1404.08,3,5,4,11,1,1.0,0.3333333333333333,0.29,3.0,medium
CUST00410,Champions,1,2.0,1365.22,5,4,4,16,0,1.0,0.0,0.22,2.0,medium
CUST00411,Dormant At-Risk,253,0.0,0.0,1,1,1,1,0,0.0,0.0,0.0,0.0,high
CUST00412,Dormant At-Risk,529,0.0,0.0,1,1,1,0,0,0.0,0.0,0.0,0.0,high
CUST00413,Growth Potential,26,1.0,220.96,4,2,1,16,0,1.0,0.0,0.48,1.0,medium
CUST00414,Growth Potential,3,1.0,311.44,5,2,1,5,1,1.0,1.0,0.32,1.0,medium
CUST00415,Dormant At-Risk,120,1.0,1236.13,2,2,4,1,2,0.0,0.0,0.21,1.0,high
CUST00416,Loyal Core,28,2.0,1020.28,4,4,3,4,0,1.0,0.0,0.28500000000000003,2.0,medium
CUST00417,Dormant At-Risk,151,1.0,611.96,1,2,2,0,1,0.0,0.0,0.09,1.0,high
CUST00418,Champions,5,2.0,1919.75,5,4,5,8,2,1.0,0.0,0.13999999999999999,2.0,medium
CUST00419,Mixed Watchlist,98,2.0,1795.1,2,4,4,12,1,0.0,0.0,0.30000000000000004,1.0,high
CUST00420,Growth Potential,18,1.0,1380.99,5,2,4,14,0,0.0,0.0,0.0,1.0,low
CUST00421,Mixed Watchlist,0,1.0,1547.12,5,2,4,4,0,0.0,0.0,0.36,1.0,low
CUST00422,Mixed Watchlist,125,1.0,664.17,2,2,2,7,0,0.0,0.0,0.28,1.0,high
CUST00423,Dormant At-Risk,135,2.0,1922.8899999999999,2,4,5,1,0,0.0,0.0,0.24,2.0,high
CUST00424,Mixed Watchlist,113,1.0,625.54,2,2,2,5,1,0.0,0.0,0.26,1.0,high
CUST00425,Mixed Watchlist,113,2.0,1502.44,2,4,4,12,2,0.0,0.0,0.195,2.0,high
CUST00426,Mixed Watchlist,77,1.0,718.2,3,2,3,8,0,0.0,0.0,0.35,1.0,high
CUST00427,Service Recovery,1,2.0,331.53,5,4,1,4,0,1.0,0.5,0.41500000000000004,2.0,medium
CUST00428,Mixed Watchlist,74,2.0,810.98,3,4,3,1,0,0.0,0.0,0.32,1.0,medium
CUST00429,Growth Potential,6,1.0,432.48,5,2,2,13,2,1.0,0.0,0.26,1.0,medium
CUST00430,Champions,22,3.0,2369.81,4,5,5,0,0,0.0,0.0,0.2833333333333333,3.0,low
CUST00431,Dormant At-Risk,154,2.0,903.65,1,4,3,1,1,0.0,0.0,0.435,1.0,high
CUST00432,Mixed Watchlist,112,2.0,2306.14,2,4,5,9,0,0.0,0.0,0.18000000000000002,1.0,high
CUST00433,Loyal Core,36,2.0,1032.26,4,4,3,10,0,1.0,0.0,0.43500000000000005,1.0,medium
CUST00434,Dormant At-Risk,293,0.0,0.0,1,1,1,2,1,0.0,0.0,0.0,0.0,high
CUST00435,Dormant At-Risk,200,0.0,0.0,1,1,1,1,1,0.0,0.0,0.0,0.0,high
CUST00436,Mixed Watchlist,49,3.0,2100.42,3,5,5,2,0,0.0,0.0,0.24,2.0,medium
CUST00437,Dormant At-Risk,151,1.0,729.22,1,2,3,0,0,0.0,0.0,0.25,1.0,high
CUST00438,Service Recovery,64,3.0,2466.39,3,5,5,6,2,2.0,1.0,0.16,3.0,medium
CUST00439,Mixed Watchlist,119,1.0,501.55,2,2,2,7,0,0.0,0.0,0.41,1.0,high
CUST00440,Service Recovery,64,1.0,325.03,3,2,1,5,0,1.0,0.0,0.56,1.0,medium
CUST00441,Dormant At-Risk,211,0.0,0.0,1,1,1,1,0,0.0,0.0,0.0,0.0,high
CUST00442,Mixed Watchlist,69,3.0,1148.99,3,5,3,2,0,0.0,0.0,0.38666666666666666,1.0,medium
CUST00443,Dormant At-Risk,265,0.0,0.0,1,1,1,2,0,0.0,0.0,0.0,0.0,high
CUST00444,Dormant At-Risk,232,0.0,0.0,1,1,1,1,1,0.0,0.0,0.0,0.0,high
CUST00445,Growth Potential,26,1.0,1594.8,4,2,4,4,1,0.0,0.0,0.43,1.0,low
CUST00446,Growth Potential,26,1.0,521.16,4,2,2,9,0,0.0,0.0,0.33,1.0,low
CUST00447,Loyal Core,36,6.0,2647.85,4,5,5,6,1,2.0,0.16666666666666666,0.38999999999999996,2.0,medium
CUST00448,Discount-Sensitive,136,1.0,678.51,2,2,2,11,3,0.0,0.0,0.39,1.0,high
CUST00449,Dormant At-Risk,209,0.0,0.0,1,1,1,1,0,0.0,0.0,0.0,0.0,high
CUST00450,Mixed Watchlist,44,1.0,862.9,4,2,3,5,0,0.0,0.0,0.24,1.0,medium
CUST00451,Champions,29,2.0,2306.23,4,4,5,3,0,0.0,0.0,0.17,1.0,low
CUST00452,Dormant At-Risk,256,0.0,0.0,1,1,1,2,0,0.0,0.0,0.0,0.0,high
CUST00453,Champions,17,4.0,3032.93,5,5,5,1,0,1.0,0.0,0.28500000000000003,4.0,medium
CUST00454,Loyal Core,13,3.0,1507.7800000000002,5,5,4,17,1,2.0,0.0,0.17333333333333334,2.0,medium
CUST00455,Dormant At-Risk,273,0.0,0.0,1,1,1,0,0,0.0,0.0,0.0,0.0,high
CUST00456,Dormant At-Risk,147,1.0,1052.09,2,2,3,0,1,0.0,0.0,0.06,1.0,high
CUST00457,Dormant At-Risk,321,0.0,0.0,1,1,1,1,0,0.0,0.0,0.0,0.0,high
CUST00458,Champions,4,2.0,1371.81,5,4,4,4,0,0.0,0.0,0.4,2.0,low
CUST00459,Mixed Watchlist,237,0.0,0.0,1,1,1,5,0,0.0,0.0,0.0,0.0,high
CUST00460,Loyal Core,19,5.0,3252.95,5,5,5,8,1,1.0,0.2,0.316,4.0,medium
CUST00461,Mixed Watchlist,194,0.0,0.0,1,1,1,3,1,0.0,0.0,0.0,0.0,high
CUST00462,Mixed Watchlist,35,1.0,744.65,4,2,3,2,0,0.0,0.0,0.64,1.0,low
CUST00463,Champions,29,4.0,5048.68,4,5,5,0,0,0.0,0.0,0.2525,3.0,low
CUST00464,Discount-Sensitive,106,3.0,1513.01,2,5,4,6,1,0.0,0.0,0.35666666666666663,3.0,high
CUST00465,Mixed Watchlist,177,1.0,1298.74,1,2,4,3,1,0.0,0.0,0.37,1.0,high
CUST00466,Loyal Core,25,5.0,3048.0099999999998,4,5,5,9,2,0.0,0.2,0.36,2.0,low
CUST00467,Growth Potential,3,1.0,487.76,5,2,2,7,1,0.0,0.0,0.22,1.0,low
CUST00468,Dormant At-Risk,198,0.0,0.0,1,1,1,1,1,0.0,0.0,0.0,0.0,high
CUST00469,Champions,19,3.0,1886.95,5,5,4,8,0,0.0,0.0,0.4533333333333333,1.0,low
CUST00470,Dormant At-Risk,166,1.0,218.29,1,2,1,1,0,0.0,0.0,0.51,1.0,high
CUST00471,Mixed Watchlist,126,1.0,307.23,2,2,1,5,0,0.0,0.0,0.49,1.0,high
CUST00472,Dormant At-Risk,114,1.0,1728.07,2,2,4,0,0,0.0,0.0,0.04,1.0,high
CUST00473,Service Recovery,121,2.0,1291.76,2,4,4,0,0,0.0,0.5,0.30000000000000004,2.0,high
CUST00474,Loyal Core,22,3.0,1652.35,4,5,4,5,0,0.0,0.3333333333333333,0.24333333333333332,3.0,low
CUST00475,Loyal Core,39,2.0,822.8699999999999,4,4,3,2,0,0.0,0.0,0.145,1.0,medium
CUST00476,Mixed Watchlist,140,1.0,335.33,2,2,1,6,0,0.0,0.0,0.63,1.0,high
CUST00477,Discount-Sensitive,60,2.0,1480.1599999999999,3,4,4,2,1,0.0,0.0,0.465,2.0,medium
CUST00478,Loyal Core,31,2.0,862.04,4,4,3,8,1,0.0,0.0,0.395,2.0,low
CUST00479,Mixed Watchlist,269,0.0,0.0,1,1,1,5,0,0.0,0.0,0.0,0.0,high
CUST00480,Dormant At-Risk,148,1.0,491.6,1,2,2,2,0,0.0,0.0,0.24,1.0,high
CUST00481,Loyal Core,43,2.0,934.12,4,4,3,10,1,0.0,0.0,0.19,2.0,medium
CUST00482,Growth Potential,32,1.0,961.86,4,2,3,15,1,0.0,0.0,0.39,1.0,low
CUST00483,Mixed Watchlist,107,2.0,1258.46,2,4,4,3,0,0.0,0.0,0.29000000000000004,2.0,high
CUST00484,Service Recovery,62,2.0,1741.75,3,4,4,9,0,1.0,0.0,0.15,1.0,medium
CUST00485,Dormant At-Risk,228,0.0,0.0,1,1,1,1,1,0.0,0.0,0.0,0.0,high
CUST00486,Growth Potential,44,1.0,810.16,4,2,3,10,0,0.0,0.0,0.05,1.0,medium
CUST00487,Mixed Watchlist,29,1.0,617.91,4,2,2,2,0,1.0,0.0,0.32,1.0,medium
CUST00488,Mixed Watchlist,217,0.0,0.0,1,1,1,8,1,0.0,0.0,0.0,0.0,high
CUST00489,Mixed Watchlist,210,0.0,0.0,1,1,1,10,0,0.0,0.0,0.0,0.0,high
CUST00490,Growth Potential,7,1.0,557.54,5,2,2,8,1,1.0,1.0,0.13,1.0,medium
CUST00491,Service Recovery,97,1.0,540.89,2,2,2,10,1,1.0,1.0,0.24,1.0,high
CUST00492,Mixed Watchlist,61,1.0,509.57,3,2,2,0,0,0.0,0.0,0.45,1.0,high
CUST00493,Service Recovery,108,2.0,1757.06,2,4,4,10,3,0.0,0.5,0.28500000000000003,2.0,high
CUST00494,Mixed Watchlist,11,1.0,660.15,5,2,2,6,0,0.0,0.0,0.15,1.0,low
CUST00495,Champions,45,2.0,2001.5900000000001,4,4,5,4,0,0.0,0.0,0.32,1.0,medium
CUST00496,Mixed Watchlist,35,1.0,1586.18,4,2,4,4,0,0.0,0.0,0.43,1.0,low
CUST00497,Dormant At-Risk,159,1.0,1724.62,1,2,4,1,2,0.0,0.0,0.14,1.0,high
CUST00498,Loyal Core,24,2.0,970.31,4,4,3,3,0,0.0,0.0,0.14500000000000002,2.0,low
CUST00499,Mixed Watchlist,18,1.0,1553.47,5,2,4,1,0,0.0,0.0,0.02,1.0,high
CUST00500,Champions,43,2.0,2352.5,4,4,5,10,1,0.0,0.0,0.22499999999999998,2.0,medium
CUST00501,Champions,20,4.0,2834.75,5,5,5,4,0,1.0,0.0,0.1825,3.0,medium
CUST00502,Champions,17,2.0,1615.2400000000002,5,4,4,13,0,0.0,0.0,0.475,2.0,low
CUST00503,Service Recovery,48,3.0,2246.7,3,5,5,4,0,2.0,0.0,0.3,3.0,medium
CUST00504,Growth Potential,15,1.0,1602.01,5,2,4,9,2,0.0,0.0,0.2,1.0,low
CUST00505,Mixed Watchlist,125,1.0,1027.23,2,2,3,9,1,0.0,0.0,0.21,1.0,high
CUST00506,Champions,38,3.0,2912.1,4,5,5,0,1,0.0,0.0,0.24,3.0,medium
CUST00507,Dormant At-Risk,120,1.0,2716.4,2,2,5,1,0,0.0,0.0,0.31,1.0,high
CUST00508,Mixed Watchlist,148,1.0,717.51,1,2,3,6,0,0.0,0.0,0.13,1.0,high
CUST00509,Growth Potential,21,1.0,954.21,4,2,3,9,1,0.0,0.0,0.36,1.0,low
CUST00510,Mixed Watchlist,162,1.0,531.36,1,2,2,4,1,0.0,0.0,0.18,1.0,high
CUST00511,Champions,5,2.0,1447.75,5,4,4,18,0,1.0,0.0,0.20500000000000002,2.0,medium
CUST00512,Champions,16,4.0,2468.63,5,5,5,6,0,1.0,0.0,0.2025,3.0,medium
CUST00513,Champions,27,4.0,2536.83,4,5,5,6,0,1.0,0.0,0.2225,2.0,medium
CUST00514,Mixed Watchlist,93,1.0,1687.55,2,2,4,11,4,0.0,0.0,0.2,1.0,high
CUST00515,Champions,6,2.0,1540.13,5,4,4,2,0,0.0,0.0,0.3,1.0,low
CUST00516,Growth Potential,27,1.0,623.59,4,2,2,9,2,0.0,0.0,0.19,1.0,low
CUST00517,Mixed Watchlist,59,1.0,612.95,3,2,2,2,3,0.0,0.0,0.19,1.0,medium
CUST00518,Mixed Watchlist,23,1.0,226.9,4,2,1,5,0,0.0,0.0,0.12,1.0,low
CUST00519,Mixed Watchlist,81,1.0,412.42,3,2,2,0,0,0.0,0.0,0.33,1.0,high
CUST00520,Growth Potential,2,1.0,503.98,5,2,2,2,2,0.0,0.0,0.1,1.0,low
CUST00521,Champions,42,6.0,2945.06,4,5,5,5,3,1.0,0.0,0.3416666666666666,3.0,medium
CUST00522,Dormant At-Risk,462,0.0,0.0,1,1,1,1,2,0.0,0.0,0.0,0.0,high
CUST00523,Mixed Watchlist,29,1.0,921.24,4,2,3,7,0,0.0,0.0,0.54,1.0,low
CUST00524,Growth Potential,11,1.0,1453.6,5,2,4,10,1,0.0,0.0,0.3,1.0,low
CUST00525,Dormant At-Risk,220,0.0,0.0,1,1,1,1,0,0.0,0.0,0.0,0.0,high
CUST00526,Mixed Watchlist,2,1.0,1131.41,5,2,3,6,0,0.0,0.0,0.38,1.0,low
CUST00527,Dormant At-Risk,113,1.0,1920.65,2,2,5,1,0,0.0,0.0,0.32,1.0,high
CUST00528,Growth Potential,14,1.0,556.1,5,2,2,12,0,0.0,0.0,0.45,1.0,low
CUST00529,Service Recovery,63,1.0,1129.52,3,2,3,11,2,1.0,0.0,0.24,1.0,medium
CUST00530,Mixed Watchlist,57,2.0,1840.55,3,4,4,2,0,0.0,0.0,0.19,2.0,medium
CUST00531,Service Recovery,43,2.0,648.41,4,4,2,1,0,1.0,0.0,0.48,2.0,medium
CUST00532,Dormant At-Risk,118,1.0,880.45,2,2,3,1,0,0.0,0.0,0.38,1.0,high
CUST00533,Growth Potential,4,1.0,149.0,5,2,1,9,0,1.0,0.0,0.56,1.0,medium
CUST00534,Mixed Watchlist,74,2.0,1020.2,3,4,3,4,0,0.0,0.0,0.1,1.0,medium
CUST00535,Discount-Sensitive,138,1.0,192.93,2,2,1,5,1,0.0,0.0,0.49,1.0,high
CUST00536,Mixed Watchlist,55,4.0,4432.75,3,5,5,14,1,0.0,0.0,0.1825,4.0,medium
CUST00537,Mixed Watchlist,2,1.0,447.58,5,2,2,4,0,0.0,0.0,0.32,1.0,low
CUST00538,Mixed Watchlist,70,2.0,1306.09,3,4,4,5,2,0.0,0.0,0.145,2.0,medium
CUST00539,Mixed Watchlist,65,3.0,4301.82,3,5,5,1,1,0.0,0.0,0.20666666666666667,3.0,medium
CUST00540,Mixed Watchlist,56,2.0,718.0699999999999,3,4,3,3,0,0.0,0.0,0.265,2.0,medium
CUST00541,Dormant At-Risk,132,4.0,2894.17,2,5,5,1,2,0.0,0.0,0.33999999999999997,4.0,high
CUST00542,Mixed Watchlist,54,1.0,576.88,3,2,2,1,1,0.0,0.0,0.3,1.0,high
CUST00543,Dormant At-Risk,197,0.0,0.0,1,1,1,2,2,0.0,0.0,0.0,0.0,high
CUST00544,Mixed Watchlist,85,1.0,757.57,3,2,3,6,0,0.0,0.0,0.06,1.0,high
CUST00545,Growth Potential,1,1.0,603.57,5,2,2,9,2,1.0,0.0,0.35,1.0,medium
CUST00546,Champions,3,2.0,2127.37,5,4,5,12,1,0.0,0.0,0.305,2.0,low
CUST00547,Service Recovery,39,1.0,1001.24,4,2,3,6,0,1.0,1.0,0.12,1.0,medium
CUST00548,Mixed Watchlist,165,1.0,858.7,1,2,3,6,0,0.0,0.0,0.28,1.0,high
CUST00549,Discount-Sensitive,132,2.0,1035.57,2,4,3,1,1,0.0,0.0,0.35,2.0,high
CUST00550,Mixed Watchlist,11,1.0,525.8,5,2,2,0,0,0.0,0.0,0.42,1.0,high
CUST00551,Growth Potential,25,1.0,470.34,4,2,2,10,2,0.0,0.0,0.05,1.0,low
CUST00552,Growth Potential,4,1.0,567.45,5,2,2,12,1,0.0,0.0,0.16,1.0,low
CUST00553,Dormant At-Risk,293,0.0,0.0,1,1,1,2,0,0.0,0.0,0.0,0.0,high
CUST00554,Loyal Core,7,2.0,750.5799999999999,5,4,3,10,0,0.0,0.0,0.44999999999999996,2.0,low
CUST00555,Loyal Core,45,2.0,1122.75,4,4,3,3,1,1.0,0.0,0.135,2.0,medium
CUST00556,Service Recovery,26,1.0,936.16,4,2,3,1,0,1.0,0.0,0.25,1.0,high
CUST00557,Loyal Core,16,2.0,977.03,5,4,3,17,1,0.0,0.0,0.2,2.0,low
CUST00558,Dormant At-Risk,399,0.0,0.0,1,1,1,1,0,0.0,0.0,0.0,0.0,high
CUST00559,Growth Potential,1,1.0,469.57,5,2,2,2,1,0.0,0.0,0.22,1.0,low
CUST00560,Dormant At-Risk,231,0.0,0.0,1,1,1,1,0,0.0,0.0,0.0,0.0,high
CUST00561,Growth Potential,4,1.0,256.33,5,2,1,16,0,1.0,0.0,0.35,1.0,medium
CUST00562,Dormant At-Risk,259,0.0,0.0,1,1,1,1,1,0.0,0.0,0.0,0.0,high
CUST00563,Dormant At-Risk,105,1.0,463.49,2,2,2,1,0,0.0,0.0,0.23,1.0,high
CUST00564,Mixed Watchlist,130,1.0,584.7,2,2,2,10,0,0.0,0.0,0.15,1.0,high
CUST00565,Growth Potential,39,1.0,275.55,4,2,1,10,2,0.0,0.0,0.11,1.0,medium
CUST00566,Growth Potential,22,1.0,657.76,4,2,2,25,0,0.0,0.0,0.32,1.0,low
CUST00567,Champions,3,2.0,1674.78,5,4,4,9,0,0.0,0.0,0.28,2.0,low
CUST00568,Mixed Watchlist,34,1.0,482.12,4,2,2,3,0,0.0,0.0,0.38,1.0,low
CUST00569,Discount-Sensitive,113,1.0,430.0,2,2,2,7,3,0.0,0.0,0.38,1.0,high
CUST00570,Dormant At-Risk,168,1.0,976.72,1,2,3,0,1,0.0,1.0,0.11,1.0,high
CUST00571,Service Recovery,32,1.0,598.14,4,2,2,5,0,1.0,1.0,0.28,1.0,medium
CUST00572,Mixed Watchlist,51,4.0,2434.63,3,5,5,8,0,0.0,0.0,0.28,2.0,medium
CUST00573,Dormant At-Risk,125,3.0,1879.54,2,5,4,0,0,0.0,0.0,0.3233333333333333,3.0,high
CUST00574,Champions,5,6.0,5505.6900000000005,5,5,5,14,1,0.0,0.0,0.215,2.0,low
CUST00575,Service Recovery,83,1.0,548.72,3,2,2,6,1,1.0,0.0,0.3,1.0,high
CUST00576,Growth Potential,46,1.0,470.46,4,2,2,15,1,0.0,0.0,0.31,1.0,medium
CUST00577,Mixed Watchlist,72,2.0,1058.36,3,4,3,7,2,0.0,0.0,0.18000000000000002,2.0,medium
CUST00578,Dormant At-Risk,376,0.0,0.0,1,1,1,2,2,0.0,0.0,0.0,0.0,high
CUST00579,Mixed Watchlist,10,1.0,301.68,5,2,1,1,0,0.0,0.0,0.39,1.0,high
CUST00580,Mixed Watchlist,74,1.0,713.84,3,2,3,4,1,0.0,0.0,0.14,1.0,medium
CUST00581,Mixed Watchlist,76,2.0,1527.79,3,4,4,0,0,0.0,0.0,0.185,1.0,high
CUST00582,Dormant At-Risk,286,0.0,0.0,1,1,1,2,2,0.0,0.0,0.0,0.0,high
CUST00583,Dormant At-Risk,263,0.0,0.0,1,1,1,2,0,0.0,0.0,0.0,0.0,high
CUST00584,Mixed Watchlist,83,1.0,591.05,3,2,2,9,0,0.0,0.0,0.3,1.0,high
CUST00585,Mixed Watchlist,113,2.0,967.27,2,4,3,15,2,0.0,0.0,0.265,2.0,high
CUST00586,Dormant At-Risk,128,1.0,371.62,2,2,1,1,0,0.0,0.0,0.26,1.0,high
CUST00587,Growth Potential,18,1.0,275.79,5,2,1,10,0,0.0,0.0,0.52,1.0,low
CUST00588,Mixed Watchlist,76,1.0,649.95,3,2,2,6,0,0.0,0.0,0.19,1.0,high
CUST00589,Discount-Sensitive,71,1.0,479.6,3,2,2,4,1,1.0,0.0,0.38,1.0,medium
CUST00590,Mixed Watchlist,140,1.0,515.92,2,2,2,7,3,0.0,0.0,0.31,1.0,high
CUST00591,Discount-Sensitive,69,1.0,865.39,3,2,3,2,4,0.0,0.0,0.41,1.0,medium
CUST00592,Mixed Watchlist,20,1.0,627.36,5,2,2,3,0,0.0,0.0,0.4,1.0,low
CUST00593,Champions,29,4.0,2441.1699999999996,4,5,5,9,0,1.0,0.0,0.2925,3.0,medium
CUST00594,Dormant At-Risk,91,1.0,448.78,2,2,2,0,0,0.0,0.0,0.5,1.0,high
CUST00595,Champions,20,3.0,1431.75,5,5,4,9,0,0.0,0.0,0.3633333333333333,3.0,low
CUST00596,Discount-Sensitive,50,1.0,503.66,3,2,2,13,1,1.0,0.0,0.48,1.0,medium
CUST00597,Service Recovery,52,1.0,1256.0,3,2,4,0,0,1.0,0.0,0.35,1.0,high
CUST00598,Growth Potential,7,1.0,545.96,5,2,2,20,3,0.0,0.0,0.23,1.0,low
CUST00599,Dormant At-Risk,169,2.0,2008.7400000000002,1,4,5,2,1,0.0,0.0,0.095,2.0,high
CUST00600,Mixed Watchlist,263,0.0,0.0,1,1,1,3,0,0.0,0.0,0.0,0.0,high
CUST00601,Mixed Watchlist,70,1.0,537.85,3,2,2,8,3,0.0,0.0,0.04,1.0,medium
CUST00602,Discount-Sensitive,91,1.0,171.18,2,2,1,5,1,0.0,0.0,0.57,1.0,high
CUST00603,Loyal Core,10,6.0,3515.31,5,5,5,12,1,2.0,0.0,0.3383333333333334,3.0,medium
CUST00604,Dormant At-Risk,90,1.0,761.72,2,2,3,2,1,0.0,0.0,0.18,1.0,high
CUST00605,Mixed Watchlist,160,2.0,1049.15,1,4,3,8,0,0.0,0.0,0.135,2.0,high
CUST00606,Mixed Watchlist,120,1.0,240.15,2,2,1,7,0,0.0,0.0,0.24,1.0,high
CUST00607,Mixed Watchlist,249,0.0,0.0,1,1,1,9,0,0.0,0.0,0.0,0.0,high
CUST00608,Champions,27,2.0,1397.1,4,4,4,7,0,1.0,0.0,0.36,1.0,medium
CUST00609,Champions,6,5.0,4581.16,5,5,5,6,1,0.0,0.0,0.40599999999999997,3.0,low
CUST00610,Loyal Core,22,3.0,3213.04,4,5,5,10,0,1.0,0.3333333333333333,0.34,3.0,medium
CUST00611,Mixed Watchlist,235,0.0,0.0,1,1,1,5,0,0.0,0.0,0.0,0.0,high
CUST00612,Mixed Watchlist,48,2.0,2120.98,3,4,5,9,0,0.0,0.0,0.35,2.0,medium
CUST00613,Loyal Core,4,4.0,2969.31,5,5,5,14,0,2.0,0.0,0.435,4.0,medium
CUST00614,Dormant At-Risk,196,0.0,0.0,1,1,1,1,1,0.0,0.0,0.0,0.0,high
CUST00615,Growth Potential,34,1.0,446.03,4,2,2,4,1,1.0,1.0,0.17,1.0,medium
CUST00616,Loyal Core,36,2.0,1139.9099999999999,4,4,3,10,0,1.0,0.0,0.16499999999999998,2.0,medium
CUST00617,Champions,14,6.0,4116.99,5,5,5,8,0,0.0,0.0,0.385,3.0,low
CUST00618,Mixed Watchlist,92,2.0,1570.53,2,4,4,8,3,0.0,0.0,0.21500000000000002,2.0,high
CUST00619,Loyal Core,2,2.0,925.3600000000001,5,4,3,8,0,0.0,0.0,0.21500000000000002,1.0,low
CUST00620,Service Recovery,90,1.0,449.48,2,2,2,17,2,1.0,0.0,0.26,1.0,high
CUST00621,Mixed Watchlist,92,1.0,348.53,2,2,1,6,1,0.0,0.0,0.29,1.0,high
CUST00622,Dormant At-Risk,180,1.0,1369.13,1,2,4,1,3,0.0,0.0,0.18,1.0,high
CUST00623,Mixed Watchlist,108,4.0,1945.71,2,5,5,18,2,0.0,0.25,0.3225,4.0,high
CUST00624,Mixed Watchlist,232,0.0,0.0,1,1,1,4,0,0.0,0.0,0.0,0.0,high
CUST00625,Mixed Watchlist,66,3.0,1716.26,3,5,4,2,0,0.0,0.0,0.38666666666666666,2.0,medium
CUST00626,Champions,9,2.0,1214.38,5,4,4,12,0,1.0,0.0,0.23,1.0,medium
CUST00627,Mixed Watchlist,75,1.0,403.11,3,2,2,6,1,0.0,0.0,0.28,1.0,medium
CUST00628,Discount-Sensitive,59,1.0,232.57,3,2,1,9,1,1.0,0.0,0.58,1.0,medium
CUST00629,Growth Potential,44,1.0,442.4,4,2,2,2,1,0.0,0.0,0.42,1.0,medium
CUST00630,Mixed Watchlist,93,2.0,1967.63,2,4,5,20,1,0.0,0.0,0.28500000000000003,2.0,high
CUST00631,Mixed Watchlist,68,3.0,1238.87,3,5,4,0,0,0.0,0.0,0.49,2.0,medium
CUST00632,Discount-Sensitive,61,1.0,1078.63,3,2,3,11,1,0.0,0.0,0.45,1.0,medium
CUST00633,Growth Potential,33,1.0,1619.36,4,2,4,4,1,0.0,0.0,0.17,1.0,low
CUST00634,Dormant At-Risk,118,2.0,727.14,2,4,3,1,0,0.0,0.0,0.23,1.0,high
CUST00635,Discount-Sensitive,134,1.0,1016.46,2,2,3,1,1,0.0,0.0,0.35,1.0,high
CUST00636,Mixed Watchlist,72,2.0,2158.95,3,4,5,1,0,0.0,0.0,0.195,2.0,medium
CUST00637,Mixed Watchlist,60,1.0,928.75,3,2,3,1,0,0.0,0.0,0.56,1.0,high
CUST00638,Dormant At-Risk,173,1.0,300.91,1,2,1,0,0,0.0,0.0,0.33,1.0,high
CUST00639,Dormant At-Risk,369,0.0,0.0,1,1,1,1,0,0.0,0.0,0.0,0.0,high
CUST00640,Dormant At-Risk,130,1.0,641.86,2,2,2,0,1,0.0,0.0,0.28,1.0,high
CUST00641,Champions,35,3.0,1518.18,4,5,4,5,1,0.0,0.0,0.3033333333333333,3.0,low
CUST00642,Champions,18,3.0,1654.45,5,5,4,4,0,0.0,0.0,0.4066666666666667,2.0,low
CUST00643,Mixed Watchlist,155,1.0,1091.34,1,2,3,14,1,0.0,0.0,0.26,1.0,high
CUST00644,Mixed Watchlist,78,2.0,715.36,3,4,3,0,3,0.0,0.0,0.28500000000000003,2.0,high
CUST00645,Dormant At-Risk,252,0.0,0.0,1,1,1,0,0,0.0,0.0,0.0,0.0,high
CUST00646,Mixed Watchlist,117,1.0,624.08,2,2,2,5,0,0.0,0.0,0.07,1.0,high
CUST00647,Mixed Watchlist,64,1.0,507.52,3,2,2,2,0,1.0,0.0,0.13,1.0,medium
CUST00648,Growth Potential,31,1.0,1298.17,4,2,4,3,3,0.0,0.0,0.13,1.0,low
CUST00649,Mixed Watchlist,124,1.0,364.41,2,2,1,5,0,0.0,0.0,0.34,1.0,high
CUST00650,Mixed Watchlist,59,2.0,2193.25,3,4,5,6,0,0.0,0.0,0.345,2.0,medium
CUST00651,Champions,34,2.0,2189.98,4,4,5,6,2,0.0,0.0,0.395,2.0,low
CUST00652,Discount-Sensitive,75,2.0,2138.43,3,4,5,13,2,0.0,0.0,0.505,2.0,medium
CUST00653,Champions,32,2.0,2037.83,4,4,5,19,0,0.0,0.0,0.235,2.0,low
CUST00654,Loyal Core,8,4.0,4671.99,5,5,5,8,0,2.0,0.5,0.11,4.0,medium
CUST00655,Mixed Watchlist,79,1.0,631.53,3,2,2,0,0,0.0,0.0,0.11,1.0,high
CUST00656,Mixed Watchlist,67,2.0,1360.96,3,4,4,16,0,0.0,0.0,0.24,2.0,medium
CUST00657,Discount-Sensitive,63,2.0,674.97,3,4,2,5,1,1.0,0.5,0.38,2.0,medium
CUST00658,Mixed Watchlist,219,0.0,0.0,1,1,1,3,1,0.0,0.0,0.0,0.0,high
CUST00659,Growth Potential,16,1.0,883.27,5,2,3,21,4,0.0,0.0,0.37,1.0,low
CUST00660,Growth Potential,43,1.0,573.43,4,2,2,7,2,0.0,0.0,0.16,1.0,medium
CUST00661,Dormant At-Risk,180,1.0,415.44,1,2,2,1,0,0.0,0.0,0.44,1.0,high
CUST00662,Dormant At-Risk,124,1.0,852.96,2,2,3,2,0,0.0,0.0,0.27,1.0,high
CUST00663,Mixed Watchlist,64,3.0,1861.8999999999999,3,5,4,14,0,0.0,0.0,0.39999999999999997,2.0,medium
CUST00664,Mixed Watchlist,20,1.0,237.27,5,2,1,1,0,1.0,0.0,0.34,1.0,high
CUST00665,Loyal Core,35,3.0,1936.8,4,5,5,3,0,1.0,0.3333333333333333,0.23666666666666666,2.0,medium
CUST00666,Growth Potential,3,1.0,540.99,5,2,2,1,1,1.0,0.0,0.32,1.0,high
CUST00667,Loyal Core,25,2.0,1406.34,4,4,4,7,0,0.0,0.5,0.22,2.0,low
CUST00668,Loyal Core,42,2.0,952.4100000000001,4,4,3,3,0,0.0,0.0,0.16,2.0,medium
CUST00669,Mixed Watchlist,57,3.0,2774.7599999999998,3,5,5,1,0,0.0,0.0,0.24333333333333332,3.0,medium
CUST00670,Dormant At-Risk,242,0.0,0.0,1,1,1,0,1,0.0,0.0,0.0,0.0,high
CUST00671,Champions,2,3.0,2568.33,5,5,5,13,0,0.0,0.0,0.34,2.0,low
CUST00672,Discount-Sensitive,141,1.0,434.37,2,2,2,10,3,0.0,0.0,0.47,1.0,high
CUST00673,Discount-Sensitive,118,1.0,1297.2,2,2,4,1,1,0.0,0.0,0.36,1.0,high
CUST00674,Mixed Watchlist,56,5.0,2521.51,3,5,5,14,0,0.0,0.0,0.28,4.0,medium
CUST00675,Mixed Watchlist,130,2.0,4218.15,2,4,5,8,1,0.0,0.0,0.235,1.0,high
CUST00676,Growth Potential,6,1.0,714.17,5,2,3,9,2,1.0,0.0,0.4,1.0,medium
CUST00677,Mixed Watchlist,6,1.0,291.61,5,2,1,1,0,0.0,0.0,0.36,1.0,high
CUST00678,Dormant At-Risk,196,0.0,0.0,1,1,1,1,0,0.0,0.0,0.0,0.0,high
CUST00679,Mixed Watchlist,83,3.0,2474.75,3,5,5,3,3,0.0,0.0,0.33666666666666667,3.0,high
CUST00680,Dormant At-Risk,215,0.0,0.0,1,1,1,1,0,0.0,0.0,0.0,0.0,high
CUST00681,Dormant At-Risk,211,0.0,0.0,1,1,1,1,0,0.0,0.0,0.0,0.0,high
CUST00682,Growth Potential,19,1.0,1238.23,5,2,4,6,1,1.0,0.0,0.17,1.0,medium
CUST00683,Champions,0,3.0,3422.7,5,5,5,7,1,1.0,0.0,0.25,2.0,medium
CUST00684,Dormant At-Risk,140,1.0,547.13,2,2,2,2,0,0.0,0.0,0.34,1.0,high
CUST00685,Growth Potential,2,1.0,1158.09,5,2,3,3,1,0.0,0.0,0.44,1.0,low
CUST00686,Mixed Watchlist,127,1.0,318.48,2,2,1,21,1,0.0,0.0,0.31,1.0,high
CUST00687,Dormant At-Risk,117,3.0,2804.77,2,5,5,1,0,0.0,0.0,0.31,3.0,high
CUST00688,Loyal Core,13,4.0,2214.44,5,5,5,1,0,1.0,0.25,0.265,4.0,medium
CUST00689,Mixed Watchlist,70,4.0,4514.3099999999995,3,5,5,13,0,0.0,0.0,0.1,4.0,medium
CUST00690,Champions,4,3.0,3098.92,5,5,5,11,3,0.0,0.0,0.30333333333333334,2.0,low
CUST00691,Discount-Sensitive,61,2.0,1222.65,3,4,4,14,3,0.0,0.0,0.52,1.0,medium
CUST00692,Discount-Sensitive,58,1.0,269.14,3,2,1,0,1,0.0,0.0,0.48,1.0,high
CUST00693,Dormant At-Risk,147,1.0,804.56,2,2,3,0,0,0.0,0.0,0.27,1.0,high
CUST00694,Mixed Watchlist,74,1.0,345.14,3,2,1,14,0,0.0,0.0,0.23,1.0,medium
CUST00695,Mixed Watchlist,198,0.0,0.0,1,1,1,4,0,0.0,0.0,0.0,0.0,high
CUST00696,Loyal Core,40,2.0,796.1500000000001,4,4,3,1,0,0.0,0.0,0.315,2.0,medium
CUST00697,Dormant At-Risk,247,0.0,0.0,1,1,1,1,0,0.0,0.0,0.0,0.0,high
CUST00698,Loyal Core,14,3.0,2572.7200000000003,5,5,5,11,0,2.0,0.3333333333333333,0.27,2.0,medium
CUST00699,Mixed Watchlist,47,4.0,2191.5099999999998,3,5,5,15,0,0.0,0.0,0.3825,4.0,medium
CUST00700,Mixed Watchlist,49,1.0,345.91,3,2,1,1,0,0.0,0.0,0.22,1.0,high
CUST00701,Mixed Watchlist,122,1.0,892.63,2,2,3,10,0,0.0,0.0,0.0,1.0,high
CUST00702,Service Recovery,77,1.0,357.55,3,2,1,2,0,1.0,0.0,0.11,1.0,high
CUST00703,Mixed Watchlist,104,1.0,360.06,2,2,1,3,0,0.0,0.0,0.31,1.0,high
CUST00704,Loyal Core,22,2.0,1084.3400000000001,4,4,3,12,0,0.0,0.0,0.345,2.0,low
CUST00705,Service Recovery,12,1.0,872.61,5,2,3,1,0,1.0,1.0,0.0,1.0,high
CUST00706,Mixed Watchlist,2,1.0,439.07,5,2,2,2,0,0.0,0.0,0.33,1.0,low
CUST00707,Mixed Watchlist,189,0.0,0.0,1,1,1,10,0,0.0,0.0,0.0,0.0,high
CUST00708,Champions,45,4.0,2683.09,4,5,5,5,0,1.0,0.0,0.305,3.0,medium
CUST00709,Dormant At-Risk,129,1.0,1966.47,2,2,5,0,0,0.0,0.0,0.13,1.0,high
CUST00710,Champions,16,4.0,2426.17,5,5,5,8,0,0.0,0.0,0.275,4.0,low
CUST00711,Champions,19,5.0,4117.05,5,5,5,10,2,1.0,0.0,0.41600000000000004,2.0,medium
CUST00712,Mixed Watchlist,4,1.0,676.24,5,2,2,2,0,0.0,0.0,0.2,1.0,low
CUST00713,Loyal Core,3,4.0,3625.93,5,5,5,10,0,2.0,0.25,0.31,3.0,medium
CUST00714,Loyal Core,40,3.0,1036.94,4,5,3,2,1,1.0,0.3333333333333333,0.49666666666666665,2.0,medium
CUST00715,Loyal Core,25,3.0,954.63,4,5,3,4,0,0.0,0.0,0.5166666666666666,3.0,low
CUST00716,Champions,6,3.0,1449.24,5,5,4,14,2,1.0,0.0,0.29,3.0,medium
CUST00717,Mixed Watchlist,0,1.0,884.85,5,2,3,6,0,0.0,0.0,0.31,1.0,low
CUST00718,Dormant At-Risk,117,1.0,348.64,2,2,1,2,1,0.0,0.0,0.2,1.0,high
CUST00719,Dormant At-Risk,168,1.0,461.68,1,2,2,2,0,0.0,0.0,0.41,1.0,high
CUST00720,Dormant At-Risk,291,0.0,0.0,1,1,1,1,1,0.0,0.0,0.0,0.0,high
CUST00721,Growth Potential,14,1.0,1856.99,5,2,4,8,1,0.0,0.0,0.1,1.0,low
CUST00722,Service Recovery,30,1.0,256.54,4,2,1,1,0,1.0,1.0,0.6,1.0,high
CUST00723,Mixed Watchlist,69,1.0,546.81,3,2,2,7,1,0.0,0.0,0.1,1.0,medium
CUST00724,Loyal Core,8,2.0,1014.94,5,4,3,8,2,0.0,0.0,0.12,2.0,low
CUST00725,Dormant At-Risk,141,2.0,950.51,2,4,3,0,0,0.0,0.0,0.39,2.0,high
CUST00726,Mixed Watchlist,98,4.0,4849.51,2,5,5,10,0,0.0,0.25,0.33999999999999997,4.0,high
CUST00727,Loyal Core,8,4.0,2696.01,5,5,5,10,2,0.0,0.25,0.3425,2.0,low
CUST00728,Service Recovery,66,1.0,396.38,3,2,2,6,0,1.0,1.0,0.22,1.0,medium
CUST00729,Discount-Sensitive,140,1.0,1324.83,2,2,4,1,1,0.0,0.0,0.38,1.0,high
CUST00730,Mixed Watchlist,232,0.0,0.0,1,1,1,3,0,0.0,0.0,0.0,0.0,high
CUST00731,Discount-Sensitive,136,1.0,433.67,2,2,2,2,1,0.0,0.0,0.42,1.0,high
CUST00732,Growth Potential,6,1.0,402.61,5,2,2,6,1,1.0,0.0,0.13,1.0,medium
CUST00733,Mixed Watchlist,66,1.0,376.53,3,2,2,5,0,0.0,0.0,0.31,1.0,medium
CUST00734,Mixed Watchlist,89,2.0,2020.81,2,4,5,6,0,0.0,0.0,0.38,2.0,high
CUST00735,Champions,12,2.0,1244.28,5,4,4,1,0,0.0,0.0,0.42000000000000004,1.0,low
CUST00736,Mixed Watchlist,66,3.0,1727.68,3,5,4,3,0,0.0,0.0,0.35333333333333333,3.0,medium
CUST00737,Mixed Watchlist,24,1.0,872.88,4,2,3,1,0,0.0,0.0,0.16,1.0,high
CUST00738,Service Recovery,78,1.0,545.24,3,2,2,8,2,1.0,1.0,0.18,1.0,high
CUST00739,Growth Potential,24,1.0,1047.95,4,2,3,8,1,0.0,0.0,0.27,1.0,low
CUST00740,Mixed Watchlist,261,0.0,0.0,1,1,1,5,2,0.0,0.0,0.0,0.0,high
CUST00741,Mixed Watchlist,225,0.0,0.0,1,1,1,3,1,0.0,0.0,0.0,0.0,high
CUST00742,Mixed Watchlist,49,1.0,441.54,3,2,2,5,0,0.0,0.0,0.47,1.0,medium
CUST00743,Growth Potential,1,1.0,1124.66,5,2,3,3,2,0.0,0.0,0.4,1.0,low
CUST00744,Mixed Watchlist,65,2.0,1108.58,3,4,3,2,2,0.0,0.0,0.14,1.0,medium
CUST00745,Growth Potential,1,1.0,1077.53,5,2,3,14,0,0.0,0.0,0.28,1.0,low
CUST00746,Dormant At-Risk,177,1.0,352.33,1,2,1,0,0,0.0,0.0,0.53,1.0,high
CUST00747,Growth Potential,11,1.0,1123.87,5,2,3,13,0,1.0,0.0,0.31,1.0,medium
CUST00748,Mixed Watchlist,58,3.0,2603.35,3,5,5,5,0,0.0,0.0,0.12333333333333334,2.0,medium
CUST00749,Growth Potential,11,1.0,872.34,5,2,3,13,3,0.0,0.0,0.41,1.0,low
CUST00750,Discount-Sensitive,49,2.0,962.3000000000001,3,4,3,8,1,0.0,0.0,0.39,1.0,medium
CUST00751,Growth Potential,15,1.0,657.24,5,2,2,8,1,0.0,0.0,0.21,1.0,low
CUST00752,Dormant At-Risk,97,2.0,1319.5500000000002,2,4,4,2,0,0.0,0.0,0.23500000000000001,2.0,high
CUST00753,Mixed Watchlist,143,1.0,1093.17,2,2,3,9,0,0.0,0.0,0.16,1.0,high
CUST00754,Champions,37,2.0,3639.05,4,4,5,18,1,0.0,0.0,0.13,2.0,medium
CUST00755,Mixed Watchlist,200,0.0,0.0,1,1,1,12,2,0.0,0.0,0.0,0.0,high
CUST00756,Dormant At-Risk,113,1.0,329.74,2,2,1,0,0,0.0,0.0,0.33,1.0,high
CUST00757,Growth Potential,8,1.0,481.24,5,2,2,4,1,0.0,0.0,0.33,1.0,low
CUST00758,Mixed Watchlist,78,3.0,1129.62,3,5,3,13,1,0.0,0.0,0.31,2.0,high
CUST00759,Champions,38,2.0,1562.24,4,4,4,4,0,0.0,0.0,0.26,2.0,medium
CUST00760,Dormant At-Risk,162,1.0,368.74,1,2,1,1,0,0.0,1.0,0.32,1.0,high
CUST00761,Dormant At-Risk,193,0.0,0.0,1,1,1,1,0,0.0,0.0,0.0,0.0,high
CUST00762,Loyal Core,46,2.0,2784.5699999999997,4,4,5,8,0,0.0,0.5,0.24,2.0,medium
CUST00763,Dormant At-Risk,188,0.0,0.0,1,1,1,0,0,0.0,0.0,0.0,0.0,high
CUST00764,Champions,23,2.0,1414.13,4,4,4,8,0,0.0,0.0,0.145,2.0,low
CUST00765,Dormant At-Risk,98,2.0,2264.58,2,4,5,2,0,0.0,0.0,0.385,1.0,high
CUST00766,Mixed Watchlist,166,1.0,389.83,1,2,2,7,0,0.0,0.0,0.3,1.0,high
CUST00767,Service Recovery,75,1.0,468.97,3,2,2,7,3,1.0,0.0,0.32,1.0,medium
CUST00768,Champions,21,2.0,1483.56,4,4,4,3,0,1.0,0.0,0.175,1.0,medium
CUST00769,Loyal Core,18,2.0,971.74,5,4,3,2,0,0.0,0.0,0.275,2.0,low
CUST00770,Champions,27,3.0,2711.16,4,5,5,12,1,1.0,0.0,0.19999999999999998,3.0,medium
CUST00771,Service Recovery,90,1.0,456.76,2,2,2,8,0,1.0,0.0,0.41,1.0,high
CUST00772,Mixed Watchlist,190,0.0,0.0,1,1,1,9,1,0.0,0.0,0.0,0.0,high
CUST00773,Mixed Watchlist,71,1.0,658.94,3,2,2,4,0,0.0,0.0,0.1,1.0,medium
CUST00774,Dormant At-Risk,101,1.0,364.21,2,2,1,2,0,0.0,0.0,0.15,1.0,high
CUST00775,Growth Potential,23,1.0,1298.92,4,2,4,8,2,0.0,0.0,0.23,1.0,low
CUST00776,Dormant At-Risk,135,1.0,547.9,2,2,2,0,0,0.0,0.0,0.27,1.0,high
CUST00777,Growth Potential,10,1.0,720.41,5,2,3,2,1,0.0,0.0,0.32,1.0,low
CUST00778,Dormant At-Risk,331,0.0,0.0,1,1,1,1,0,0.0,0.0,0.0,0.0,high
CUST00779,Growth Potential,6,1.0,416.15,5,2,2,3,1,0.0,0.0,0.49,1.0,low
CUST00780,Loyal Core,36,4.0,3232.4,4,5,5,12,0,2.0,0.25,0.29000000000000004,3.0,medium
CUST00781,Mixed Watchlist,49,1.0,442.8,3,2,2,4,0,0.0,0.0,0.38,1.0,medium
CUST00782,Dormant At-Risk,194,0.0,0.0,1,1,1,1,2,0.0,0.0,0.0,0.0,high
CUST00783,Mixed Watchlist,232,0.0,0.0,1,1,1,3,2,0.0,0.0,0.0,0.0,high
CUST00784,Champions,45,2.0,1269.12,4,4,4,11,1,0.0,0.0,0.355,2.0,medium
CUST00785,Champions,11,3.0,1464.91,5,5,4,5,0,0.0,0.0,0.4033333333333333,3.0,low
CUST00786,Dormant At-Risk,150,1.0,1030.43,1,2,3,1,0,0.0,0.0,0.16,1.0,high
CUST00787,Mixed Watchlist,48,3.0,2376.36,3,5,5,2,0,0.0,0.0,0.33,2.0,medium
CUST00788,Mixed Watchlist,49,1.0,1408.44,3,2,4,8,0,0.0,0.0,0.39,1.0,medium
CUST00789,Mixed Watchlist,55,1.0,753.6,3,2,3,1,0,0.0,0.0,0.36,1.0,high
CUST00790,Service Recovery,78,1.0,458.83,3,2,2,9,1,1.0,0.0,0.19,1.0,high
CUST00791,Dormant At-Risk,230,0.0,0.0,1,1,1,0,0,0.0,0.0,0.0,0.0,high
CUST00792,Mixed Watchlist,148,1.0,1395.21,1,2,4,4,0,0.0,0.0,0.18,1.0,high
CUST00793,Dormant At-Risk,113,1.0,1730.51,2,2,4,1,1,0.0,0.0,0.26,1.0,high
CUST00794,Mixed Watchlist,171,1.0,413.58,1,2,2,7,0,0.0,0.0,0.23,1.0,high
CUST00795,Dormant At-Risk,138,2.0,2258.74,2,4,5,2,0,0.0,0.0,0.16,2.0,high
CUST00796,Mixed Watchlist,151,1.0,1622.25,1,2,4,8,0,0.0,0.0,0.28,1.0,high
CUST00797,Growth Potential,9,1.0,408.27,5,2,2,7,1,0.0,0.0,0.16,1.0,low
CUST00798,Mixed Watchlist,57,2.0,1507.09,3,4,4,8,1,0.0,0.0,0.225,2.0,medium
CUST00799,Mixed Watchlist,56,2.0,738.9300000000001,3,4,3,2,0,0.0,0.0,0.365,2.0,medium
CUST00800,Champions,12,5.0,5040.63,5,5,5,7,2,0.0,0.0,0.188,3.0,low
CUST00801,Service Recovery,76,2.0,1510.24,3,4,4,1,0,1.0,0.0,0.22,2.0,high
CUST00802,Dormant At-Risk,201,0.0,0.0,1,1,1,1,0,0.0,0.0,0.0,0.0,high
CUST00803,Mixed Watchlist,53,2.0,2106.41,3,4,5,2,2,0.0,0.0,0.32499999999999996,2.0,medium
CUST00804,Growth Potential,14,1.0,969.91,5,2,3,7,1,0.0,0.0,0.22,1.0,low
CUST00805,Growth Potential,41,1.0,780.79,4,2,3,8,0,0.0,0.0,0.11,1.0,medium
CUST00806,Growth Potential,21,1.0,976.95,4,2,3,11,0,0.0,0.0,0.46,1.0,low
CUST00807,Mixed Watchlist,112,1.0,594.61,2,2,2,4,0,0.0,0.0,0.25,1.0,high
CUST00808,Service Recovery,53,1.0,444.73,3,2,2,16,0,1.0,0.0,0.39,1.0,medium
CUST00809,Loyal Core,22,3.0,1886.26,4,5,4,12,4,1.0,0.3333333333333333,0.3133333333333333,2.0,medium
CUST00810,Dormant At-Risk,217,0.0,0.0,1,1,1,0,2,0.0,0.0,0.0,0.0,high
CUST00811,Dormant At-Risk,184,0.0,0.0,1,1,1,2,1,0.0,0.0,0.0,0.0,high
CUST00812,Dormant At-Risk,189,0.0,0.0,1,1,1,0,0,0.0,0.0,0.0,0.0,high
CUST00813,Champions,5,4.0,3695.8,5,5,5,11,3,1.0,0.0,0.17,1.0,medium
CUST00814,Mixed Watchlist,88,2.0,3500.93,2,4,5,14,0,0.0,0.0,0.245,2.0,high
CUST00815,Mixed Watchlist,137,2.0,2569.54,2,4,5,3,0,0.0,0.0,0.26,2.0,high
CUST00816,Service Recovery,59,2.0,2688.92,3,4,5,7,1,1.0,0.0,0.3,2.0,medium
CUST00817,Champions,9,7.0,6352.75,5,5,5,13,2,0.0,0.0,0.29714285714285715,4.0,low
CUST00818,Dormant At-Risk,147,1.0,988.84,2,2,3,1,0,0.0,0.0,0.12,1.0,high
CUST00819,Champions,28,4.0,2164.49,4,5,5,5,0,0.0,0.0,0.1775,2.0,low
CUST00820,Mixed Watchlist,189,0.0,0.0,1,1,1,4,2,0.0,0.0,0.0,0.0,high
CUST00821,Mixed Watchlist,94,1.0,409.56,2,2,2,6,0,1.0,0.0,0.36,1.0,high
CUST00822,Mixed Watchlist,76,3.0,1713.4699999999998,3,5,4,10,0,1.0,0.0,0.32666666666666666,3.0,high
CUST00823,Service Recovery,146,2.0,546.33,2,4,2,2,0,0.0,0.5,0.345,1.0,high
CUST00824,Mixed Watchlist,4,1.0,446.93,5,2,2,4,0,0.0,0.0,0.14,1.0,low
CUST00825,Mixed Watchlist,97,1.0,410.77,2,2,2,3,3,0.0,0.0,0.25,1.0,high
CUST00826,Mixed Watchlist,158,2.0,2063.86,1,4,5,9,0,0.0,0.0,0.265,2.0,high
CUST00827,Mixed Watchlist,57,1.0,1699.04,3,2,4,4,2,0.0,0.0,0.16,1.0,medium
CUST00828,Mixed Watchlist,90,1.0,355.91,2,2,1,5,0,0.0,0.0,0.39,1.0,high
CUST00829,Mixed Watchlist,62,4.0,3162.5200000000004,3,5,5,9,3,0.0,0.0,0.2775,3.0,medium
CUST00830,Loyal Core,19,2.0,1150.55,5,4,3,11,1,0.0,0.0,0.355,2.0,low
CUST00831,Loyal Core,6,2.0,994.8299999999999,5,4,3,11,1,2.0,0.0,0.375,2.0,medium
CUST00832,Growth Potential,0,1.0,716.8,5,2,3,9,3,0.0,0.0,0.16,1.0,low
CUST00833,Mixed Watchlist,67,1.0,1142.84,3,2,3,6,0,0.0,0.0,0.49,1.0,medium
CUST00834,Mixed Watchlist,2,1.0,971.01,5,2,3,6,0,0.0,0.0,0.27,1.0,low
CUST00835,Mixed Watchlist,157,3.0,1837.3,1,5,4,8,0,0.0,0.0,0.29,3.0,high
CUST00836,Champions,9,2.0,1640.21,5,4,4,7,0,0.0,0.0,0.29,2.0,low
CUST00837,Champions,15,3.0,2428.7799999999997,5,5,5,7,1,0.0,0.0,0.38666666666666666,2.0,low
CUST00838,Growth Potential,9,1.0,402.67,5,2,2,11,1,1.0,0.0,0.51,1.0,medium
CUST00839,Dormant At-Risk,162,2.0,860.28,1,4,3,2,0,0.0,0.0,0.2,2.0,high
CUST00840,Mixed Watchlist,58,3.0,3328.2799999999997,3,5,5,3,0,0.0,0.0,0.29,2.0,medium
CUST00841,Dormant At-Risk,99,6.0,5236.09,2,5,5,2,0,0.0,0.16666666666666666,0.18999999999999997,3.0,high
CUST00842,Service Recovery,71,2.0,1823.97,3,4,4,1,0,1.0,0.0,0.32999999999999996,1.0,medium
CUST00843,Growth Potential,45,1.0,803.69,4,2,3,1,2,1.0,1.0,0.4,1.0,high
CUST00844,Growth Potential,19,1.0,410.24,5,2,2,1,1,0.0,0.0,0.32,1.0,high
CUST00845,Service Recovery,96,1.0,777.67,2,2,3,4,0,1.0,0.0,0.56,1.0,high
CUST00846,Loyal Core,41,3.0,1899.26,4,5,4,15,0,1.0,0.3333333333333333,0.12,3.0,medium
CUST00847,Growth Potential,4,1.0,1420.5,5,2,4,12,5,0.0,0.0,0.5,1.0,low
CUST00848,Loyal Core,4,2.0,1094.36,5,4,3,8,1,0.0,0.0,0.28,1.0,low
CUST00849,Champions,6,4.0,2776.8599999999997,5,5,5,9,2,0.0,0.0,0.29500000000000004,4.0,low
CUST00850,Loyal Core,7,2.0,2278.0299999999997,5,4,5,5,0,1.0,0.5,0.355,2.0,medium
CUST00851,Growth Potential,0,1.0,822.7,5,2,3,8,0,0.0,0.0,0.28,1.0,low
CUST00852,Discount-Sensitive,66,2.0,935.26,3,4,3,1,1,0.0,0.0,0.39,2.0,medium
CUST00853,Service Recovery,61,1.0,318.94,3,2,1,9,0,1.0,0.0,0.47,1.0,medium
CUST00854,Dormant At-Risk,279,0.0,0.0,1,1,1,1,0,0.0,0.0,0.0,0.0,high
CUST00855,Dormant At-Risk,292,0.0,0.0,1,1,1,1,0,0.0,0.0,0.0,0.0,high
CUST00856,Dormant At-Risk,135,1.0,2235.84,2,2,5,1,3,0.0,0.0,0.19,1.0,high
CUST00857,Discount-Sensitive,67,2.0,1852.15,3,4,4,3,1,1.0,0.0,0.365,2.0,medium
CUST00858,Dormant At-Risk,90,2.0,1268.61,2,4,4,1,0,0.0,0.0,0.27,2.0,high
CUST00859,Mixed Watchlist,169,1.0,769.89,1,2,3,10,2,0.0,0.0,0.3,1.0,high
CUST00860,Service Recovery,79,1.0,1472.26,3,2,4,7,4,1.0,0.0,0.27,1.0,high
CUST00861,Mixed Watchlist,170,1.0,798.67,1,2,3,3,2,0.0,0.0,0.09,1.0,high
CUST00862,Dormant At-Risk,453,0.0,0.0,1,1,1,2,0,0.0,0.0,0.0,0.0,high
CUST00863,Champions,25,2.0,1710.22,4,4,4,6,0,0.0,0.0,0.26,2.0,low
CUST00864,Discount-Sensitive,138,1.0,316.53,2,2,1,2,1,0.0,0.0,0.41,1.0,high
CUST00865,Discount-Sensitive,50,2.0,1503.1100000000001,3,4,4,10,2,1.0,0.0,0.38,2.0,medium
CUST00866,Mixed Watchlist,26,1.0,1280.71,4,2,4,5,0,0.0,0.0,0.06,1.0,low
CUST00867,Service Recovery,15,1.0,424.64,5,2,2,6,0,1.0,0.0,0.55,1.0,medium
CUST00868,Growth Potential,20,1.0,832.57,5,2,3,14,1,0.0,0.0,0.4,1.0,low
CUST00869,Dormant At-Risk,93,3.0,1700.01,2,5,4,0,0,0.0,0.0,0.3466666666666667,1.0,high
CUST00870,Mixed Watchlist,86,3.0,2224.05,2,5,5,13,0,0.0,0.0,0.2966666666666667,2.0,high
CUST00871,Mixed Watchlist,122,3.0,1703.85,2,5,4,3,0,0.0,0.0,0.24333333333333332,2.0,high
CUST00872,Mixed Watchlist,125,1.0,799.03,2,2,3,6,2,0.0,0.0,0.16,1.0,high
CUST00873,Champions,3,2.0,1994.21,5,4,5,2,0,0.0,0.0,0.09,2.0,low
CUST00874,Mixed Watchlist,21,1.0,511.56,4,2,2,7,0,0.0,0.0,0.24,1.0,low
CUST00875,Mixed Watchlist,30,1.0,363.1,4,2,1,1,0,0.0,0.0,0.31,1.0,high
CUST00876,Loyal Core,36,2.0,938.71,4,4,3,6,1,1.0,0.0,0.39,2.0,medium
CUST00877,Mixed Watchlist,63,2.0,831.49,3,4,3,7,0,0.0,0.0,0.22999999999999998,1.0,medium
CUST00878,Mixed Watchlist,134,2.0,2578.68,2,4,5,12,1,0.0,0.0,0.13,2.0,high
CUST00879,Mixed Watchlist,155,2.0,2576.4700000000003,1,4,5,4,0,0.0,0.0,0.27,2.0,high
CUST00880,Champions,16,3.0,1801.75,5,5,4,11,0,0.0,0.0,0.25333333333333335,3.0,low
CUST00881,Mixed Watchlist,4,1.0,1185.63,5,2,4,6,0,0.0,0.0,0.27,1.0,low
CUST00882,Mixed Watchlist,85,2.0,894.79,3,4,3,2,0,1.0,0.0,0.225,2.0,high
CUST00883,Dormant At-Risk,126,2.0,4600.78,2,4,5,1,1,0.0,0.0,0.07,2.0,high
CUST00884,Dormant At-Risk,271,0.0,0.0,1,1,1,1,0,0.0,0.0,0.0,0.0,high
CUST00885,Loyal Core,31,2.0,1199.0,4,4,4,10,1,0.0,0.5,0.32,2.0,low
CUST00886,Mixed Watchlist,1,1.0,304.87,5,2,1,3,0,0.0,0.0,0.42,1.0,low
CUST00887,Growth Potential,9,1.0,1399.24,5,2,4,0,2,0.0,0.0,0.23,1.0,high
CUST00888,Discount-Sensitive,108,1.0,1200.57,2,2,4,0,1,0.0,0.0,0.36,1.0,high
CUST00889,Champions,44,2.0,1597.41,4,4,4,2,0,0.0,0.0,0.42000000000000004,2.0,medium
CUST00890,Mixed Watchlist,24,1.0,631.59,4,2,2,1,0,1.0,0.0,0.06,1.0,high
CUST00891,Champions,13,2.0,1207.62,5,4,4,0,0,0.0,0.0,0.38,2.0,low
CUST00892,Growth Potential,9,1.0,360.98,5,2,1,5,1,0.0,0.0,0.48,1.0,low
CUST00893,Mixed Watchlist,99,1.0,563.11,2,2,2,5,0,0.0,0.0,0.28,1.0,high
CUST00894,Champions,25,2.0,1903.85,4,4,5,2,0,1.0,0.0,0.31,2.0,medium
CUST00895,Discount-Sensitive,54,1.0,168.81,3,2,1,14,1,1.0,0.0,0.43,1.0,medium
CUST00896,Champions,10,5.0,2728.69,5,5,5,3,1,1.0,0.0,0.318,3.0,medium
CUST00897,Growth Potential,13,1.0,584.95,5,2,2,3,1,0.0,0.0,0.11,1.0,low
CUST00898,Dormant At-Risk,339,0.0,0.0,1,1,1,2,1,0.0,0.0,0.0,0.0,high
CUST00899,Mixed Watchlist,187,0.0,0.0,1,1,1,4,0,0.0,0.0,0.0,0.0,high
CUST00900,Service Recovery,58,2.0,1242.65,3,4,4,1,1,1.0,0.0,0.25,2.0,medium
CUST00901,Loyal Core,35,3.0,1694.6200000000001,4,5,4,9,0,2.0,0.0,0.25666666666666665,2.0,medium
CUST00902,Growth Potential,6,1.0,1318.64,5,2,4,5,1,0.0,0.0,0.29,1.0,low
CUST00903,Growth Potential,42,1.0,632.18,4,2,2,13,0,1.0,0.0,0.34,1.0,medium
CUST00904,Loyal Core,41,4.0,3412.27,4,5,5,7,2,0.0,0.25,0.25,4.0,medium
CUST00905,Champions,30,2.0,1971.87,4,4,5,11,1,0.0,0.0,0.31,2.0,low
CUST00906,Champions,38,2.0,1449.41,4,4,4,3,0,0.0,0.0,0.395,2.0,medium
CUST00907,Dormant At-Risk,220,0.0,0.0,1,1,1,2,0,0.0,0.0,0.0,0.0,high
CUST00908,Champions,27,2.0,2799.02,4,4,5,3,2,1.0,0.0,0.21,1.0,medium
CUST00909,Dormant At-Risk,185,0.0,0.0,1,1,1,0,0,0.0,0.0,0.0,0.0,high
CUST00910,Discount-Sensitive,127,1.0,1239.32,2,2,4,3,1,0.0,0.0,0.39,1.0,high
CUST00911,Champions,30,4.0,2586.44,4,5,5,2,0,0.0,0.0,0.21500000000000002,4.0,low
CUST00912,Dormant At-Risk,138,1.0,1252.31,2,2,4,0,2,0.0,0.0,0.31,1.0,high
CUST00913,Dormant At-Risk,183,0.0,0.0,1,1,1,1,1,0.0,0.0,0.0,0.0,high
CUST00914,Loyal Core,36,2.0,1175.85,4,4,3,13,0,0.0,0.0,0.39,2.0,medium
CUST00915,Dormant At-Risk,113,1.0,600.29,2,2,2,1,0,0.0,0.0,0.41,1.0,high
CUST00916,Champions,20,2.0,1344.17,5,4,4,9,1,1.0,0.0,0.245,2.0,medium
CUST00917,Dormant At-Risk,286,0.0,0.0,1,1,1,1,1,0.0,0.0,0.0,0.0,high
CUST00918,Dormant At-Risk,236,0.0,0.0,1,1,1,1,0,0.0,0.0,0.0,0.0,high
CUST00919,Champions,10,2.0,1976.3400000000001,5,4,5,13,0,1.0,0.0,0.23,2.0,medium
CUST00920,Discount-Sensitive,66,1.0,761.95,3,2,3,12,3,1.0,1.0,0.37,1.0,medium
CUST00921,Mixed Watchlist,195,0.0,0.0,1,1,1,3,0,0.0,0.0,0.0,0.0,high
CUST00922,Growth Potential,11,1.0,1131.6,5,2,3,9,3,0.0,0.0,0.19,1.0,low
CUST00923,Service Recovery,57,2.0,1201.76,3,4,4,8,0,1.0,0.0,0.19,1.0,medium
CUST00924,Growth Potential,44,1.0,1642.68,4,2,4,1,1,0.0,0.0,0.41,1.0,high
CUST00925,Service Recovery,44,1.0,464.59,4,2,2,6,0,1.0,0.0,0.3,1.0,medium
CUST00926,Champions,1,3.0,1704.96,5,5,4,5,0,1.0,0.0,0.21,2.0,medium
CUST00927,Dormant At-Risk,343,0.0,0.0,1,1,1,1,0,0.0,0.0,0.0,0.0,high
CUST00928,Dormant At-Risk,229,0.0,0.0,1,1,1,1,2,0.0,0.0,0.0,0.0,high
CUST00929,Growth Potential,43,1.0,325.51,4,2,1,5,1,0.0,0.0,0.11,1.0,medium
CUST00930,Service Recovery,59,4.0,2336.4900000000002,3,5,5,9,0,1.0,0.25,0.355,3.0,medium
CUST00931,Growth Potential,30,1.0,1030.44,4,2,3,11,0,0.0,0.0,0.36,1.0,low
CUST00932,Service Recovery,83,1.0,688.68,3,2,2,12,0,1.0,1.0,0.2,1.0,high
CUST00933,Dormant At-Risk,205,0.0,0.0,1,1,1,0,0,0.0,0.0,0.0,0.0,high
CUST00934,Growth Potential,44,1.0,664.65,4,2,2,4,1,1.0,0.0,0.12,1.0,medium
CUST00935,Champions,28,5.0,3594.4,4,5,5,7,0,0.0,0.0,0.352,2.0,low
CUST00936,Growth Potential,35,1.0,1697.0,4,2,4,3,1,1.0,0.0,0.14,1.0,medium
CUST00937,Dormant At-Risk,126,2.0,1039.65,2,4,3,2,2,0.0,0.0,0.16499999999999998,2.0,high
CUST00938,Service Recovery,26,1.0,1882.4,4,2,4,2,0,1.0,0.0,0.4,1.0,medium
CUST00939,Growth Potential,9,1.0,560.91,5,2,2,7,2,0.0,0.0,0.18,1.0,low
CUST00940,Dormant At-Risk,236,0.0,0.0,1,1,1,0,0,0.0,0.0,0.0,0.0,high
CUST00941,Mixed Watchlist,183,0.0,0.0,1,1,1,6,1,0.0,0.0,0.0,0.0,high
CUST00942,Growth Potential,7,1.0,407.18,5,2,2,4,1,1.0,1.0,0.35,1.0,medium
CUST00943,Dormant At-Risk,346,0.0,0.0,1,1,1,2,0,0.0,0.0,0.0,0.0,high
CUST00944,Discount-Sensitive,74,1.0,630.93,3,2,2,1,1,1.0,1.0,0.42,1.0,high
CUST00945,Mixed Watchlist,4,1.0,1143.18,5,2,3,5,0,0.0,0.0,0.14,1.0,low
CUST00946,Mixed Watchlist,173,1.0,542.29,1,2,2,4,5,0.0,0.0,0.39,1.0,high
CUST00947,Champions,41,3.0,1553.3600000000001,4,5,4,0,0,0.0,0.0,0.18666666666666668,3.0,medium
CUST00948,Mixed Watchlist,79,1.0,923.64,3,2,3,11,0,0.0,0.0,0.1,1.0,high
CUST00949,Dormant At-Risk,130,1.0,610.5,2,2,2,2,0,0.0,0.0,0.14,1.0,high
CUST00950,Mixed Watchlist,209,0.0,0.0,1,1,1,5,0,0.0,0.0,0.0,0.0,high
CUST00951,Mixed Watchlist,62,1.0,602.19,3,2,2,6,2,0.0,0.0,0.12,1.0,medium
CUST00952,Champions,42,4.0,3262.96,4,5,5,16,4,0.0,0.0,0.29500000000000004,3.0,medium
CUST00953,Loyal Core,9,3.0,1925.94,5,5,5,5,2,0.0,0.3333333333333333,0.38999999999999996,3.0,low
CUST00954,Loyal Core,25,2.0,769.86,4,4,3,12,2,0.0,0.0,0.475,2.0,low
CUST00955,Mixed Watchlist,63,2.0,748.92,3,4,3,4,0,0.0,0.0,0.145,2.0,medium
CUST00956,Champions,31,2.0,2241.69,4,4,5,10,1,1.0,0.0,0.32999999999999996,2.0,medium
CUST00957,Loyal Core,37,2.0,1174.3200000000002,4,4,3,5,0,0.0,0.0,0.275,2.0,medium
CUST00958,Dormant At-Risk,160,2.0,1033.42,1,4,3,2,0,0.0,0.0,0.27,2.0,high
CUST00959,Service Recovery,63,2.0,644.14,3,4,2,0,0,0.0,0.5,0.38,1.0,medium
CUST00960,Service Recovery,146,1.0,1599.13,2,2,4,1,0,0.0,1.0,0.08,1.0,high
CUST00961,Dormant At-Risk,151,2.0,1378.71,1,4,4,2,0,0.0,0.0,0.325,2.0,high
CUST00962,Growth Potential,22,1.0,349.41,4,2,1,9,0,1.0,1.0,0.26,1.0,medium
CUST00963,Discount-Sensitive,103,1.0,641.2,2,2,2,9,1,0.0,0.0,0.34,1.0,high
CUST00964,Dormant At-Risk,219,0.0,0.0,1,1,1,0,0,0.0,0.0,0.0,0.0,high
CUST00965,Service Recovery,8,2.0,507.14,5,4,2,5,0,2.0,0.0,0.31,1.0,medium
CUST00966,Growth Potential,40,1.0,2196.79,4,2,5,4,2,1.0,0.0,0.3,1.0,medium
CUST00967,Dormant At-Risk,218,0.0,0.0,1,1,1,2,0,0.0,0.0,0.0,0.0,high
CUST00968,Service Recovery,98,1.0,551.82,2,2,2,12,0,1.0,0.0,0.35,1.0,high
CUST00969,Champions,31,2.0,1233.07,4,4,4,14,4,0.0,0.0,0.295,2.0,low
CUST00970,Mixed Watchlist,188,0.0,0.0,1,1,1,6,3,0.0,0.0,0.0,0.0,high
CUST00971,Mixed Watchlist,62,4.0,2566.58,3,5,5,20,2,0.0,0.0,0.29,3.0,medium
CUST00972,Mixed Watchlist,64,1.0,1679.36,3,2,4,5,4,0.0,0.0,0.24,1.0,medium
CUST00973,Loyal Core,22,2.0,908.6800000000001,4,4,3,4,0,0.0,0.0,0.21,2.0,low
CUST00974,Mixed Watchlist,79,3.0,3016.38,3,5,5,11,0,0.0,0.0,0.2733333333333333,1.0,high
CUST00975,Mixed Watchlist,50,1.0,538.78,3,2,2,11,0,0.0,0.0,0.43,1.0,medium
CUST00976,Growth Potential,5,1.0,565.07,5,2,2,9,3,0.0,0.0,0.29,1.0,low
CUST00977,Champions,5,2.0,1375.4499999999998,5,4,4,9,2,0.0,0.0,0.255,2.0,low
CUST00978,Dormant At-Risk,307,0.0,0.0,1,1,1,0,0,0.0,0.0,0.0,0.0,high
CUST00979,Mixed Watchlist,103,1.0,699.31,2,2,3,5,0,0.0,0.0,0.29,1.0,high
CUST00980,Mixed Watchlist,81,1.0,492.33,3,2,2,4,1,0.0,0.0,0.26,1.0,high
CUST00981,Mixed Watchlist,103,2.0,1804.73,2,4,4,6,0,0.0,0.0,0.29000000000000004,2.0,high
CUST00982,Mixed Watchlist,90,4.0,1862.8899999999999,2,5,4,4,2,0.0,0.0,0.32999999999999996,3.0,high
CUST00983,Dormant At-Risk,256,0.0,0.0,1,1,1,1,0,0.0,0.0,0.0,0.0,high
CUST00984,Loyal Core,44,2.0,1055.25,4,4,3,3,0,0.0,0.0,0.22999999999999998,1.0,medium
CUST00985,Service Recovery,85,1.0,734.6,3,2,3,5,0,1.0,0.0,0.15,1.0,high
CUST00986,Mixed Watchlist,62,2.0,1068.02,3,4,3,1,0,0.0,0.0,0.405,2.0,medium
CUST00987,Service Recovery,7,1.0,1720.99,5,2,4,2,0,1.0,0.0,0.31,1.0,medium
CUST00988,Champions,3,5.0,3639.98,5,5,5,3,0,0.0,0.0,0.198,3.0,low
CUST00989,Dormant At-Risk,158,2.0,934.14,1,4,3,0,0,0.0,0.0,0.22,2.0,high
CUST00990,Mixed Watchlist,167,3.0,3332.24,1,5,5,6,0,0.0,0.0,0.3433333333333333,2.0,high
CUST00991,Champions,41,3.0,3874.42,4,5,5,9,1,0.0,0.0,0.30333333333333334,3.0,medium
CUST00992,Mixed Watchlist,272,0.0,0.0,1,1,1,6,3,0.0,0.0,0.0,0.0,high
CUST00993,Dormant At-Risk,164,1.0,1246.69,1,2,4,1,0,0.0,0.0,0.0,1.0,high
CUST00994,Discount-Sensitive,52,2.0,2173.23,3,4,5,8,1,0.0,0.0,0.42500000000000004,2.0,medium
CUST00995,Mixed Watchlist,159,1.0,538.57,1,2,2,6,1,0.0,0.0,0.34,1.0,high
CUST00996,Champions,8,5.0,2250.83,5,5,5,14,0,1.0,0.0,0.15,3.0,medium
CUST00997,Mixed Watchlist,180,1.0,325.85,1,2,1,4,1,0.0,0.0,0.33,1.0,high
CUST00998,Mixed Watchlist,63,3.0,3005.34,3,5,5,6,0,0.0,0.0,0.1466666666666667,3.0,medium
CUST00999,Dormant At-Risk,148,1.0,1000.1,1,2,3,0,1,0.0,0.0,0.3,1.0,high
CUST01000,Mixed Watchlist,52,2.0,746.9300000000001,3,4,3,3,0,0.0,0.0,0.325,2.0,medium
CUST01001,Dormant At-Risk,313,0.0,0.0,1,1,1,1,2,0.0,0.0,0.0,0.0,high
CUST01002,Mixed Watchlist,71,2.0,1215.2,3,4,4,11,0,0.0,0.0,0.205,2.0,medium
CUST01003,Mixed Watchlist,138,1.0,944.62,2,2,3,6,0,0.0,0.0,0.32,1.0,high
CUST01004,Dormant At-Risk,215,0.0,0.0,1,1,1,1,0,0.0,0.0,0.0,0.0,high
CUST01005,Mixed Watchlist,144,1.0,1329.67,2,2,4,4,0,0.0,0.0,0.18,1.0,high
CUST01006,Mixed Watchlist,4,1.0,404.58,5,2,2,3,0,0.0,0.0,0.2,1.0,low
CUST01007,Mixed Watchlist,86,2.0,1237.64,2,4,4,5,2,0.0,0.0,0.235,2.0,high
CUST01008,Dormant At-Risk,269,0.0,0.0,1,1,1,1,0,0.0,0.0,0.0,0.0,high
CUST01009,Mixed Watchlist,41,1.0,334.39,4,2,1,7,0,0.0,0.0,0.32,1.0,medium
CUST01010,Mixed Watchlist,22,1.0,531.29,4,2,2,3,0,0.0,0.0,0.25,1.0,low
CUST01011,Mixed Watchlist,365,0.0,0.0,1,1,1,4,0,0.0,0.0,0.0,0.0,high
CUST01012,Champions,30,2.0,1273.46,4,4,4,7,0,1.0,0.0,0.16999999999999998,2.0,medium
CUST01013,Dormant At-Risk,307,0.0,0.0,1,1,1,0,0,0.0,0.0,0.0,0.0,high
CUST01014,Dormant At-Risk,137,1.0,669.36,2,2,2,1,1,0.0,0.0,0.0,1.0,high
CUST01015,Growth Potential,39,1.0,522.47,4,2,2,12,1,0.0,0.0,0.13,1.0,medium
CUST01016,Loyal Core,0,2.0,879.1499999999999,5,4,3,6,0,0.0,0.0,0.245,2.0,low
CUST01017,Service Recovery,133,2.0,1167.28,2,4,3,3,0,0.0,0.5,0.235,2.0,high
CUST01018,Growth Potential,4,1.0,403.76,5,2,2,10,1,1.0,0.0,0.36,1.0,medium
CUST01019,Mixed Watchlist,290,0.0,0.0,1,1,1,4,3,0.0,0.0,0.0,0.0,high
CUST01020,Dormant At-Risk,131,1.0,236.73,2,2,1,1,0,0.0,0.0,0.33,1.0,high
CUST01021,Loyal Core,15,2.0,1013.42,5,4,3,6,2,1.0,0.5,0.36,1.0,medium
CUST01022,Dormant At-Risk,252,0.0,0.0,1,1,1,0,0,0.0,0.0,0.0,0.0,high
CUST01023,Mixed Watchlist,204,0.0,0.0,1,1,1,8,0,0.0,0.0,0.0,0.0,high
CUST01024,Growth Potential,20,1.0,370.39,5,2,1,10,2,0.0,0.0,0.31,1.0,low
CUST01025,Champions,29,2.0,2765.56,4,4,5,20,5,1.0,0.0,0.195,2.0,medium
CUST01026,Discount-Sensitive,65,1.0,220.88,3,2,1,9,1,0.0,0.0,0.43,1.0,medium
CUST01027,Service Recovery,58,4.0,4029.9500000000003,3,5,5,11,0,1.0,0.0,0.175,3.0,medium
CUST01028,Mixed Watchlist,173,1.0,2809.6,1,2,5,6,0,0.0,0.0,0.26,1.0,high
CUST01029,Mixed Watchlist,110,1.0,302.44,2,2,1,3,0,0.0,0.0,0.31,1.0,high
CUST01030,Champions,32,5.0,5590.34,4,5,5,10,2,0.0,0.0,0.20800000000000002,3.0,low
CUST01031,Mixed Watchlist,174,1.0,439.44,1,2,2,4,0,0.0,0.0,0.43,1.0,high
CUST01032,Growth Potential,11,1.0,624.38,5,2,2,5,2,0.0,0.0,0.41,1.0,low
CUST01033,Loyal Core,14,6.0,3749.69,5,5,5,4,1,2.0,0.16666666666666666,0.3233333333333333,4.0,medium
CUST01034,Mixed Watchlist,100,1.0,777.18,2,2,3,9,2,0.0,0.0,0.18,1.0,high
CUST01035,Champions,5,4.0,1334.0,5,5,4,5,1,0.0,0.0,0.4275,3.0,low
CUST01036,Mixed Watchlist,141,3.0,3112.5499999999997,2,5,5,8,0,0.0,0.0,0.22666666666666668,3.0,high
CUST01037,Mixed Watchlist,8,1.0,681.83,5,2,2,6,0,0.0,0.0,0.37,1.0,low
CUST01038,Service Recovery,52,3.0,1370.19,3,5,4,4,1,1.0,0.0,0.22,3.0,medium
CUST01039,Mixed Watchlist,129,1.0,544.8,2,2,2,12,1,0.0,0.0,0.13,1.0,high
CUST01040,Dormant At-Risk,130,1.0,594.23,2,2,2,1,0,0.0,0.0,0.31,1.0,high
CUST01041,Dormant At-Risk,164,1.0,149.0,1,2,1,1,0,0.0,0.0,0.35,1.0,high
CUST01042,Growth Potential,0,1.0,610.96,5,2,2,10,1,0.0,0.0,0.25,1.0,low
CUST01043,Mixed Watchlist,74,1.0,464.25,3,2,2,1,0,0.0,0.0,0.62,1.0,high
CUST01044,Mixed Watchlist,84,1.0,2141.49,3,2,5,2,0,0.0,0.0,0.22,1.0,high
CUST01045,Mixed Watchlist,143,1.0,478.91,2,2,2,4,0,0.0,0.0,0.11,1.0,high
CUST01046,Dormant At-Risk,105,1.0,1032.89,2,2,3,1,0,0.0,0.0,0.1,1.0,high
CUST01047,Dormant At-Risk,149,1.0,389.07,1,2,2,2,0,0.0,0.0,0.22,1.0,high
CUST01048,Mixed Watchlist,128,1.0,616.59,2,2,2,8,0,0.0,0.0,0.05,1.0,high
CUST01049,Mixed Watchlist,144,1.0,345.2,2,2,1,6,1,0.0,0.0,0.11,1.0,high
CUST01050,Champions,5,2.0,1629.56,5,4,4,8,0,0.0,0.0,0.095,2.0,low
CUST01051,Mixed Watchlist,103,1.0,632.45,2,2,2,7,3,0.0,0.0,0.31,1.0,high
CUST01052,Mixed Watchlist,173,1.0,763.75,1,2,3,7,0,0.0,0.0,0.05,1.0,high
CUST01053,Dormant At-Risk,146,1.0,2124.84,2,2,5,0,0,0.0,0.0,0.0,1.0,high
CUST01054,Dormant At-Risk,176,1.0,523.99,1,2,2,1,0,0.0,0.0,0.34,1.0,high
CUST01055,Mixed Watchlist,206,0.0,0.0,1,1,1,12,3,0.0,0.0,0.0,0.0,high
CUST01056,Service Recovery,64,3.0,2638.62,3,5,5,3,0,1.0,0.3333333333333333,0.17666666666666667,2.0,medium
CUST01057,Growth Potential,2,1.0,916.36,5,2,3,3,2,1.0,0.0,0.18,1.0,medium
CUST01058,Discount-Sensitive,110,1.0,358.99,2,2,1,1,1,0.0,0.0,0.38,1.0,high
CUST01059,Mixed Watchlist,146,1.0,601.72,2,2,2,5,0,0.0,0.0,0.31,1.0,high
CUST01060,Mixed Watchlist,52,2.0,1762.54,3,4,4,2,0,1.0,0.0,0.265,2.0,medium
CUST01061,Growth Potential,2,1.0,375.42,5,2,2,11,1,0.0,0.0,0.58,1.0,low
CUST01062,Dormant At-Risk,294,0.0,0.0,1,1,1,1,2,0.0,0.0,0.0,0.0,high
CUST01063,Growth Potential,20,1.0,259.22,5,2,1,2,1,1.0,1.0,0.5,1.0,medium
CUST01064,Loyal Core,6,2.0,898.3599999999999,5,4,3,9,0,0.0,0.0,0.155,2.0,low
CUST01065,Mixed Watchlist,3,1.0,621.74,5,2,2,4,0,0.0,0.0,0.22,1.0,low
CUST01066,Growth Potential,11,1.0,816.92,5,2,3,2,2,0.0,0.0,0.23,1.0,low
CUST01067,Mixed Watchlist,25,1.0,380.56,4,2,2,3,0,0.0,0.0,0.29,1.0,low
CUST01068,Dormant At-Risk,130,2.0,1631.92,2,4,4,2,0,0.0,0.0,0.165,2.0,high
CUST01069,Mixed Watchlist,55,1.0,1446.51,3,2,4,3,1,0.0,0.0,0.26,1.0,medium
CUST01070,Growth Potential,11,1.0,353.84,5,2,1,1,1,0.0,0.0,0.37,1.0,high
CUST01071,Growth Potential,14,1.0,690.61,5,2,3,7,1,0.0,0.0,0.17,1.0,low
CUST01072,Mixed Watchlist,183,0.0,0.0,1,1,1,8,3,0.0,0.0,0.0,0.0,high
CUST01073,Service Recovery,80,1.0,2726.65,3,2,5,5,0,1.0,1.0,0.13,1.0,high
CUST01074,Mixed Watchlist,114,2.0,1253.47,2,4,4,12,0,0.0,0.0,0.16,2.0,high
CUST01075,Loyal Core,26,2.0,1464.29,4,4,4,1,0,2.0,1.0,0.065,2.0,medium
CUST01076,Mixed Watchlist,83,2.0,1016.25,3,4,3,2,0,0.0,0.0,0.29500000000000004,2.0,high
CUST01077,Mixed Watchlist,68,1.0,1080.77,3,2,3,1,0,0.0,0.0,0.45,1.0,high
CUST01078,Dormant At-Risk,156,1.0,415.88,1,2,2,2,1,0.0,0.0,0.23,1.0,high
CUST01079,Mixed Watchlist,177,1.0,1832.92,1,2,4,5,0,0.0,0.0,0.1,1.0,high
CUST01080,Discount-Sensitive,117,1.0,410.76,2,2,2,0,1,0.0,1.0,0.4,1.0,high
CUST01081,Loyal Core,19,2.0,1142.4099999999999,5,4,3,0,1,0.0,0.0,0.31,2.0,low
CUST01082,Mixed Watchlist,35,1.0,1181.66,4,2,3,4,0,0.0,0.0,0.34,1.0,low
CUST01083,Dormant At-Risk,236,0.0,0.0,1,1,1,1,2,0.0,0.0,0.0,0.0,high
CUST01084,Mixed Watchlist,76,3.0,1482.72,3,5,4,3,0,0.0,0.0,0.19333333333333336,3.0,high
CUST01085,Dormant At-Risk,358,0.0,0.0,1,1,1,1,1,0.0,0.0,0.0,0.0,high
CUST01086,Service Recovery,71,2.0,1458.11,3,4,4,8,0,1.0,0.5,0.32999999999999996,2.0,medium
CUST01087,Growth Potential,2,1.0,839.43,5,2,3,2,1,1.0,1.0,0.3,1.0,medium
CUST01088,Growth Potential,0,1.0,361.44,5,2,1,8,1,0.0,0.0,0.42,1.0,low
CUST01089,Mixed Watchlist,25,1.0,337.51,4,2,1,2,0,0.0,0.0,0.43,1.0,low
CUST01090,Dormant At-Risk,144,2.0,1200.77,2,4,4,1,0,0.0,0.0,0.21000000000000002,2.0,high
CUST01091,Service Recovery,87,1.0,505.4,2,2,2,7,0,1.0,0.0,0.29,1.0,high
CUST01092,Dormant At-Risk,196,0.0,0.0,1,1,1,2,0,0.0,0.0,0.0,0.0,high
CUST01093,Mixed Watchlist,285,0.0,0.0,1,1,1,5,0,0.0,0.0,0.0,0.0,high
CUST01094,Mixed Watchlist,72,3.0,1690.19,3,5,4,1,0,0.0,0.0,0.19999999999999998,3.0,medium
CUST01095,Growth Potential,41,1.0,455.86,4,2,2,2,1,0.0,0.0,0.31,1.0,medium
CUST01096,Loyal Core,3,6.0,4814.21,5,5,5,10,2,0.0,0.16666666666666666,0.19666666666666666,4.0,low
CUST01097,Mixed Watchlist,233,0.0,0.0,1,1,1,4,0,0.0,0.0,0.0,0.0,high
CUST01098,Mixed Watchlist,198,0.0,0.0,1,1,1,3,0,0.0,0.0,0.0,0.0,high
CUST01099,Champions,14,4.0,3261.15,5,5,5,9,2,0.0,0.0,0.36250000000000004,3.0,low
CUST01100,Mixed Watchlist,24,1.0,491.36,4,2,2,3,0,0.0,0.0,0.36,1.0,low
CUST01101,Mixed Watchlist,10,1.0,732.91,5,2,3,2,0,0.0,0.0,0.13,1.0,low
CUST01102,Mixed Watchlist,79,1.0,1201.95,3,2,4,7,0,0.0,0.0,0.13,1.0,high
CUST01103,Service Recovery,76,2.0,899.6,3,4,3,0,1,1.0,0.0,0.16,2.0,high
CUST01104,Mixed Watchlist,99,1.0,515.98,2,2,2,8,0,0.0,0.0,0.23,1.0,high
CUST01105,Mixed Watchlist,84,3.0,1353.63,3,5,4,6,1,0.0,0.0,0.21,3.0,high
CUST01106,Mixed Watchlist,81,1.0,1006.69,3,2,3,14,2,0.0,0.0,0.03,1.0,high
CUST01107,Dormant At-Risk,91,2.0,980.0699999999999,2,4,3,2,0,0.0,0.0,0.32,2.0,high
CUST01108,Champions,40,2.0,1775.94,4,4,4,2,0,0.0,0.0,0.295,1.0,medium
CUST01109,Growth Potential,25,1.0,304.94,4,2,1,7,1,0.0,0.0,0.44,1.0,low
CUST01110,Dormant At-Risk,260,0.0,0.0,1,1,1,1,0,0.0,0.0,0.0,0.0,high
CUST01111,Service Recovery,95,2.0,876.58,2,4,3,1,1,1.0,0.0,0.29000000000000004,2.0,high
CUST01112,Discount-Sensitive,57,2.0,1951.21,3,4,5,5,1,1.0,0.0,0.36,2.0,medium
CUST01113,Mixed Watchlist,107,2.0,645.85,2,4,2,8,0,0.0,0.0,0.445,2.0,high
CUST01114,Dormant At-Risk,147,1.0,831.94,2,2,3,1,0,0.0,0.0,0.34,1.0,high
CUST01115,Loyal Core,17,6.0,4036.99,5,5,5,4,0,2.0,0.16666666666666666,0.29833333333333334,3.0,medium
CUST01116,Service Recovery,54,1.0,2054.97,3,2,5,7,0,1.0,0.0,0.24,1.0,medium
CUST01117,Champions,42,4.0,2817.56,4,5,5,7,0,0.0,0.0,0.32,3.0,medium
CUST01118,Dormant At-Risk,170,1.0,618.9,1,2,2,0,1,0.0,0.0,0.29,1.0,high
CUST01119,Mixed Watchlist,124,1.0,654.67,2,2,2,4,0,0.0,0.0,0.36,1.0,high
CUST01120,Mixed Watchlist,61,1.0,1184.85,3,2,4,7,2,0.0,0.0,0.2,1.0,medium
CUST01121,Dormant At-Risk,88,1.0,149.0,2,2,1,0,0,0.0,0.0,0.64,1.0,high
CUST01122,Mixed Watchlist,6,1.0,1209.05,5,2,4,7,0,0.0,0.0,0.23,1.0,low
CUST01123,Dormant At-Risk,182,0.0,0.0,1,1,1,1,0,0.0,0.0,0.0,0.0,high
CUST01124,Mixed Watchlist,172,3.0,1635.22,1,5,4,9,0,0.0,0.0,0.3333333333333333,2.0,high
CUST01125,Dormant At-Risk,245,0.0,0.0,1,1,1,2,1,0.0,0.0,0.0,0.0,high
CUST01126,Champions,16,2.0,2073.54,5,4,5,11,1,0.0,0.0,0.30500000000000005,1.0,low
CUST01127,Dormant At-Risk,130,2.0,774.6899999999999,2,4,3,1,0,0.0,0.0,0.325,2.0,high
CUST01128,Mixed Watchlist,182,0.0,0.0,1,1,1,4,0,0.0,0.0,0.0,0.0,high
CUST01129,Mixed Watchlist,157,1.0,675.97,1,2,2,7,0,0.0,0.0,0.39,1.0,high
CUST01130,Mixed Watchlist,99,2.0,1316.25,2,4,4,6,0,0.0,0.0,0.45999999999999996,2.0,high
CUST01131,Growth Potential,22,1.0,590.57,4,2,2,4,2,1.0,0.0,0.31,1.0,medium
CUST01132,Champions,4,2.0,2542.9700000000003,5,4,5,17,2,0.0,0.0,0.16999999999999998,2.0,low
CUST01133,Loyal Core,36,2.0,779.1500000000001,4,4,3,9,0,0.0,0.0,0.30000000000000004,2.0,medium
CUST01134,Mixed Watchlist,78,2.0,3034.1,3,4,5,13,0,0.0,0.0,0.385,2.0,high
CUST01135,Dormant At-Risk,93,2.0,2933.65,2,4,5,2,0,0.0,0.0,0.275,2.0,high
CUST01136,Service Recovery,97,3.0,2094.46,2,5,5,1,0,1.0,0.3333333333333333,0.24,3.0,high
CUST01137,Service Recovery,115,1.0,468.15,2,2,2,9,0,0.0,1.0,0.45,1.0,high
CUST01138,Dormant At-Risk,134,2.0,1225.17,2,4,4,2,0,0.0,0.0,0.275,2.0,high
CUST01139,Mixed Watchlist,21,1.0,2270.63,4,2,5,4,0,0.0,0.0,0.28,1.0,low
CUST01140,Champions,22,4.0,2449.96,4,5,5,3,0,1.0,0.0,0.3025,3.0,medium
CUST01141,Dormant At-Risk,115,1.0,691.6,2,2,3,2,0,0.0,0.0,0.19,1.0,high
CUST01142,Loyal Core,40,2.0,1015.4200000000001,4,4,3,19,1,0.0,0.0,0.26,2.0,medium
CUST01143,Mixed Watchlist,0,1.0,438.47,5,2,2,1,0,0.0,0.0,0.4,1.0,high
CUST01144,Loyal Core,38,3.0,3548.18,4,5,5,6,0,0.0,0.3333333333333333,0.3233333333333333,2.0,medium
CUST01145,Dormant At-Risk,183,0.0,0.0,1,1,1,2,1,0.0,0.0,0.0,0.0,high
CUST01146,Champions,23,2.0,1903.5300000000002,4,4,4,12,0,0.0,0.0,0.345,2.0,low
CUST01147,Loyal Core,1,3.0,1074.03,5,5,3,12,0,0.0,0.0,0.48,3.0,low
CUST01148,Dormant At-Risk,128,7.0,5448.0,2,5,5,1,0,0.0,0.0,0.13857142857142857,5.0,high
CUST01149,Mixed Watchlist,72,2.0,1019.31,3,4,3,0,0,0.0,0.0,0.36,2.0,medium
CUST01150,Mixed Watchlist,167,1.0,499.51,1,2,2,3,0,0.0,0.0,0.29,1.0,high
CUST01151,Dormant At-Risk,105,1.0,716.41,2,2,3,1,1,0.0,0.0,0.04,1.0,high
CUST01152,Champions,1,6.0,5679.21,5,5,5,9,0,1.0,0.0,0.21166666666666667,4.0,medium
CUST01153,Growth Potential,33,1.0,714.43,4,2,3,7,1,1.0,1.0,0.4,1.0,medium
CUST01154,Mixed Watchlist,55,2.0,1966.9299999999998,3,4,5,11,3,0.0,0.0,0.255,2.0,medium
CUST01155,Loyal Core,1,2.0,1251.4099999999999,5,4,4,12,0,2.0,1.0,0.41000000000000003,2.0,medium
CUST01156,Loyal Core,7,2.0,807.1500000000001,5,4,3,5,0,0.0,0.0,0.39,2.0,low
CUST01157,Growth Potential,0,1.0,738.92,5,2,3,7,1,0.0,0.0,0.11,1.0,low
CUST01158,Champions,42,3.0,3891.19,4,5,5,11,0,0.0,0.0,0.21,3.0,medium
CUST01159,Mixed Watchlist,68,2.0,1438.23,3,4,4,2,0,0.0,0.0,0.32,2.0,medium
CUST01160,Dormant At-Risk,166,1.0,943.21,1,2,3,2,0,0.0,0.0,0.26,1.0,high
CUST01161,Mixed Watchlist,154,2.0,1442.53,1,4,4,5,0,0.0,0.5,0.28,2.0,high
CUST01162,Dormant At-Risk,175,1.0,377.52,1,2,2,1,0,0.0,0.0,0.25,1.0,high
CUST01163,Mixed Watchlist,375,0.0,0.0,1,1,1,3,0,0.0,0.0,0.0,0.0,high
CUST01164,Growth Potential,37,1.0,965.68,4,2,3,15,0,0.0,0.0,0.52,1.0,medium
CUST01165,Mixed Watchlist,155,1.0,380.89,1,2,2,5,0,0.0,0.0,0.25,1.0,high
CUST01166,Champions,41,2.0,1845.94,4,4,4,2,0,1.0,0.0,0.175,1.0,medium
CUST01167,Champions,23,4.0,3206.2900000000004,4,5,5,3,0,0.0,0.0,0.315,4.0,low
CUST01168,Growth Potential,14,1.0,510.5,5,2,2,8,2,0.0,0.0,0.3,1.0,low
CUST01169,Discount-Sensitive,54,1.0,1183.74,3,2,4,13,5,1.0,1.0,0.36,1.0,medium
CUST01170,Dormant At-Risk,139,1.0,294.87,2,2,1,2,0,0.0,0.0,0.34,1.0,high
CUST01171,Mixed Watchlist,132,1.0,744.73,2,2,3,3,0,0.0,0.0,0.51,1.0,high
CUST01172,Champions,27,3.0,3081.4900000000002,4,5,5,4,0,0.0,0.0,0.18666666666666668,2.0,low
CUST01173,Mixed Watchlist,78,2.0,969.44,3,4,3,9,0,0.0,0.0,0.23,2.0,high
CUST01174,Mixed Watchlist,89,1.0,398.68,2,2,2,10,1,0.0,0.0,0.31,1.0,high
CUST01175,Mixed Watchlist,48,3.0,2166.05,3,5,5,9,1,0.0,0.0,0.2866666666666667,2.0,medium
CUST01176,Mixed Watchlist,215,0.0,0.0,1,1,1,6,1,0.0,0.0,0.0,0.0,high
CUST01177,Mixed Watchlist,56,3.0,2144.58,3,5,5,0,0,0.0,0.0,0.27666666666666667,3.0,medium
CUST01178,Mixed Watchlist,67,3.0,1298.14,3,5,4,10,1,0.0,0.0,0.32,2.0,medium
CUST01179,Mixed Watchlist,108,1.0,536.83,2,2,2,5,0,0.0,0.0,0.2,1.0,high
CUST01180,Loyal Core,23,2.0,2328.54,4,4,5,2,1,2.0,1.0,0.255,2.0,medium
CUST01181,Dormant At-Risk,137,1.0,296.32,2,2,1,2,0,0.0,0.0,0.3,1.0,high
CUST01182,Mixed Watchlist,108,1.0,520.96,2,2,2,8,0,0.0,0.0,0.39,1.0,high
CUST01183,Mixed Watchlist,6,1.0,568.08,5,2,2,0,0,0.0,0.0,0.09,1.0,high
CUST01184,Champions,30,3.0,1606.64,4,5,4,5,1,0.0,0.0,0.21333333333333335,3.0,low
CUST01185,Champions,23,2.0,1286.63,4,4,4,1,2,0.0,0.0,0.185,2.0,low
CUST01186,Dormant At-Risk,153,2.0,2183.8,1,4,5,1,0,0.0,0.0,0.235,1.0,high
CUST01187,Champions,26,3.0,1729.96,4,5,4,3,0,1.0,0.0,0.39666666666666667,3.0,medium
CUST01188,Discount-Sensitive,92,2.0,688.52,2,4,2,14,3,1.0,0.5,0.5700000000000001,2.0,high
CUST01189,Mixed Watchlist,161,2.0,2721.2299999999996,1,4,5,7,0,0.0,0.0,0.06,1.0,high
CUST01190,Champions,27,3.0,1339.05,4,5,4,3,0,0.0,0.0,0.34,3.0,low
CUST01191,Mixed Watchlist,52,1.0,510.71,3,2,2,1,0,0.0,0.0,0.57,1.0,high
CUST01192,Champions,24,3.0,1408.3999999999999,4,5,4,11,0,0.0,0.0,0.14,2.0,low
CUST01193,Dormant At-Risk,457,0.0,0.0,1,1,1,0,0,0.0,0.0,0.0,0.0,high
CUST01194,Discount-Sensitive,85,2.0,1089.0,3,4,3,2,1,1.0,0.5,0.365,2.0,high
CUST01195,Service Recovery,94,1.0,542.27,2,2,2,4,0,0.0,1.0,0.23,1.0,high
CUST01196,Service Recovery,111,2.0,2239.79,2,4,5,9,1,0.0,0.5,0.28500000000000003,2.0,high
CUST01197,Discount-Sensitive,77,2.0,406.22,3,4,2,3,3,0.0,0.0,0.46,1.0,high
CUST01198,Mixed Watchlist,31,1.0,592.73,4,2,2,5,0,1.0,0.0,0.32,1.0,medium
CUST01199,Dormant At-Risk,359,0.0,0.0,1,1,1,1,0,0.0,0.0,0.0,0.0,high
CUST01200,Mixed Watchlist,58,1.0,524.27,3,2,2,5,1,0.0,0.0,0.02,1.0,medium
CUST01201,Mixed Watchlist,158,1.0,842.85,1,2,3,7,0,0.0,0.0,0.23,1.0,high
CUST01202,Mixed Watchlist,132,1.0,650.67,2,2,2,10,3,0.0,0.0,0.3,1.0,high
CUST01203,Mixed Watchlist,60,1.0,149.0,3,2,1,4,0,0.0,0.0,0.56,1.0,medium
CUST01204,Mixed Watchlist,81,1.0,493.88,3,2,2,0,0,0.0,0.0,0.36,1.0,high
CUST01205,Dormant At-Risk,262,0.0,0.0,1,1,1,1,0,0.0,0.0,0.0,0.0,high
CUST01206,Mixed Watchlist,73,1.0,819.46,3,2,3,10,0,0.0,0.0,0.16,1.0,medium
CUST01207,Dormant At-Risk,110,1.0,350.93,2,2,1,0,0,0.0,0.0,0.43,1.0,high
CUST01208,Dormant At-Risk,95,2.0,834.32,2,4,3,1,2,0.0,0.0,0.32999999999999996,2.0,high
CUST01209,Growth Potential,14,2.0,674.55,5,4,2,5,1,0.0,0.0,0.41000000000000003,2.0,low
CUST01210,Dormant At-Risk,266,0.0,0.0,1,1,1,0,1,0.0,0.0,0.0,0.0,high
CUST01211,Loyal Core,5,3.0,2452.85,5,5,5,8,1,2.0,0.3333333333333333,0.4066666666666667,3.0,medium
CUST01212,Champions,20,2.0,2285.58,5,4,5,0,1,0.0,0.0,0.435,2.0,low
CUST01213,Mixed Watchlist,163,1.0,492.41,1,2,2,3,1,0.0,0.0,0.21,1.0,high
CUST01214,Dormant At-Risk,124,1.0,1069.42,2,2,3,2,0,0.0,0.0,0.25,1.0,high
CUST01215,Mixed Watchlist,80,2.0,1232.11,3,4,4,0,2,0.0,0.0,0.21500000000000002,1.0,high
CUST01216,Discount-Sensitive,107,1.0,1022.33,2,2,3,10,2,0.0,0.0,0.35,1.0,high
CUST01217,Mixed Watchlist,163,1.0,630.07,1,2,2,6,0,0.0,0.0,0.26,1.0,high
CUST01218,Mixed Watchlist,0,1.0,738.52,5,2,3,6,0,0.0,0.0,0.24,1.0,low
CUST01219,Service Recovery,86,2.0,832.04,2,4,3,5,0,1.0,0.0,0.35,1.0,high
CUST01220,Dormant At-Risk,98,1.0,1095.74,2,2,3,1,0,0.0,0.0,0.23,1.0,high
CUST01221,Mixed Watchlist,13,1.0,405.2,5,2,2,6,0,0.0,0.0,0.33,1.0,low
CUST01222,Growth Potential,18,1.0,1199.39,5,2,4,0,1,0.0,0.0,0.04,1.0,high
CUST01223,Dormant At-Risk,118,3.0,1444.4,2,5,4,1,0,0.0,0.0,0.38666666666666666,3.0,high
CUST01224,Growth Potential,33,1.0,1005.1,4,2,3,7,2,0.0,0.0,0.33,1.0,low
CUST01225,Service Recovery,97,1.0,620.28,2,2,2,3,0,1.0,0.0,0.03,1.0,high
CUST01226,Loyal Core,37,3.0,1546.94,4,5,4,6,0,1.0,0.6666666666666666,0.3333333333333333,3.0,medium
CUST01227,Loyal Core,43,3.0,1385.66,4,5,4,8,0,1.0,0.3333333333333333,0.31666666666666665,3.0,medium
CUST01228,Dormant At-Risk,212,0.0,0.0,1,1,1,1,0,0.0,0.0,0.0,0.0,high
CUST01229,Mixed Watchlist,147,1.0,484.49,2,2,2,5,0,0.0,0.0,0.23,1.0,high
CUST01230,Dormant At-Risk,112,1.0,370.67,2,2,1,2,0,0.0,0.0,0.24,1.0,high
CUST01231,Dormant At-Risk,226,0.0,0.0,1,1,1,0,0,0.0,0.0,0.0,0.0,high
CUST01232,Mixed Watchlist,183,0.0,0.0,1,1,1,8,0,0.0,0.0,0.0,0.0,high
CUST01233,Mixed Watchlist,64,1.0,551.18,3,2,2,8,0,0.0,0.0,0.29,1.0,medium
CUST01234,Mixed Watchlist,115,2.0,1809.4,2,4,4,3,1,0.0,0.0,0.215,2.0,high
CUST01235,Mixed Watchlist,161,1.0,522.53,1,2,2,3,1,0.0,0.0,0.15,1.0,high
CUST01236,Loyal Core,6,3.0,971.97,5,5,3,8,0,0.0,0.0,0.31,3.0,low
CUST01237,Dormant At-Risk,103,2.0,1243.5,2,4,4,1,0,0.0,0.0,0.325,2.0,high
CUST01238,Service Recovery,68,3.0,3438.43,3,5,5,1,1,1.0,0.0,0.25333333333333335,3.0,medium
CUST01239,Mixed Watchlist,193,0.0,0.0,1,1,1,7,0,0.0,0.0,0.0,0.0,high
CUST01240,Growth Potential,19,1.0,434.11,5,2,2,10,2,0.0,0.0,0.34,1.0,low
CUST01241,Growth Potential,38,1.0,185.08,4,2,1,9,0,0.0,0.0,0.28,1.0,medium
CUST01242,Champions,29,5.0,6982.41,4,5,5,0,2,1.0,0.0,0.262,4.0,medium
CUST01243,Mixed Watchlist,74,3.0,1470.48,3,5,4,8,0,0.0,0.0,0.2966666666666667,1.0,medium
CUST01244,Champions,34,2.0,2233.4,4,4,5,7,0,1.0,0.0,0.21000000000000002,2.0,medium
CUST01245,Dormant At-Risk,255,0.0,0.0,1,1,1,2,0,0.0,0.0,0.0,0.0,high
CUST01246,Dormant At-Risk,262,0.0,0.0,1,1,1,1,3,0.0,0.0,0.0,0.0,high
CUST01247,Growth Potential,3,1.0,1439.66,5,2,4,12,2,1.0,0.0,0.24,1.0,medium
CUST01248,Mixed Watchlist,103,1.0,1386.38,2,2,4,5,1,0.0,0.0,0.31,1.0,high
CUST01249,Mixed Watchlist,57,4.0,2733.47,3,5,5,12,4,0.0,0.0,0.2025,3.0,medium
CUST01250,Dormant At-Risk,175,1.0,612.27,1,2,2,0,2,0.0,0.0,0.34,1.0,high
CUST01251,Discount-Sensitive,52,1.0,420.63,3,2,2,3,1,0.0,0.0,0.38,1.0,medium
CUST01252,Champions,38,2.0,2038.9299999999998,4,4,5,1,0,0.0,0.0,0.245,2.0,medium
CUST01253,Mixed Watchlist,99,2.0,2035.62,2,4,5,13,1,0.0,0.0,0.15,2.0,high
CUST01254,Service Recovery,76,2.0,2465.71,3,4,5,3,0,1.0,0.0,0.44499999999999995,1.0,high
CUST01255,Service Recovery,78,1.0,2060.75,3,2,5,8,0,1.0,0.0,0.11,1.0,high
CUST01256,Mixed Watchlist,286,0.0,0.0,1,1,1,3,1,0.0,0.0,0.0,0.0,high
CUST01257,Loyal Core,27,2.0,765.27,4,4,3,4,0,1.0,0.5,0.28,1.0,medium
CUST01258,Mixed Watchlist,250,0.0,0.0,1,1,1,7,0,0.0,0.0,0.0,0.0,high
CUST01259,Service Recovery,94,1.0,694.35,2,2,3,0,0,1.0,1.0,0.32,1.0,high
CUST01260,Mixed Watchlist,9,1.0,913.67,5,2,3,4,0,0.0,0.0,0.02,1.0,low
CUST01261,Mixed Watchlist,18,1.0,345.05,5,2,1,1,0,0.0,0.0,0.28,1.0,high
CUST01262,Growth Potential,25,1.0,195.09,4,2,1,11,2,0.0,0.0,0.57,1.0,low
CUST01263,Loyal Core,32,4.0,2970.8,4,5,5,5,1,1.0,0.25,0.3075,2.0,medium
CUST01264,Discount-Sensitive,51,1.0,2114.74,3,2,5,6,1,0.0,0.0,0.34,1.0,medium
CUST01265,Champions,15,2.0,1398.17,5,4,4,12,0,0.0,0.0,0.42000000000000004,2.0,low
CUST01266,Mixed Watchlist,51,3.0,2447.06,3,5,5,8,0,0.0,0.0,0.1366666666666667,3.0,medium
CUST01267,Service Recovery,58,2.0,769.5699999999999,3,4,3,2,1,1.0,0.0,0.25,1.0,medium
CUST01268,Growth Potential,19,1.0,471.22,5,2,2,5,2,1.0,1.0,0.06,1.0,medium
CUST01269,Mixed Watchlist,57,1.0,534.09,3,2,2,4,1,0.0,0.0,0.08,1.0,medium
CUST01270,Service Recovery,57,1.0,309.87,3,2,1,4,0,1.0,0.0,0.43,1.0,medium
CUST01271,Growth Potential,12,1.0,529.98,5,2,2,8,0,0.0,0.0,0.31,1.0,low
CUST01272,Mixed Watchlist,44,1.0,1860.0,4,2,4,1,0,0.0,0.0,0.27,1.0,high
CUST01273,Dormant At-Risk,149,1.0,1219.74,1,2,4,1,0,0.0,0.0,0.37,1.0,high
CUST01274,Loyal Core,25,2.0,802.94,4,4,3,15,0,0.0,0.0,0.415,1.0,low
CUST01275,Champions,34,3.0,2647.93,4,5,5,14,2,0.0,0.0,0.26666666666666666,3.0,low
CUST01276,Mixed Watchlist,120,1.0,412.12,2,2,2,3,0,0.0,0.0,0.4,1.0,high
CUST01277,Discount-Sensitive,99,1.0,732.91,2,2,3,6,2,0.0,0.0,0.34,1.0,high
CUST01278,Mixed Watchlist,65,2.0,791.53,3,4,3,1,0,0.0,0.0,0.225,2.0,medium
CUST01279,Discount-Sensitive,101,1.0,1494.42,2,2,4,3,1,0.0,1.0,0.35,1.0,high
CUST01280,Champions,35,4.0,3888.23,4,5,5,5,0,0.0,0.0,0.2475,4.0,low
CUST01281,Mixed Watchlist,215,0.0,0.0,1,1,1,4,0,0.0,0.0,0.0,0.0,high
CUST01282,Mixed Watchlist,78,1.0,499.65,3,2,2,5,0,1.0,0.0,0.2,1.0,high
CUST01283,Loyal Core,40,8.0,5650.74,4,5,5,7,0,1.0,0.125,0.3275,5.0,medium
CUST01284,Dormant At-Risk,192,0.0,0.0,1,1,1,1,0,0.0,0.0,0.0,0.0,high
CUST01285,Mixed Watchlist,124,2.0,938.91,2,4,3,3,0,0.0,0.0,0.32,1.0,high
CUST01286,Dormant At-Risk,226,0.0,0.0,1,1,1,2,0,0.0,0.0,0.0,0.0,high
CUST01287,Mixed Watchlist,89,2.0,1153.33,2,4,3,3,0,0.0,0.0,0.45999999999999996,2.0,high
CUST01288,Dormant At-Risk,132,1.0,486.14,2,2,2,0,0,0.0,0.0,0.38,1.0,high
CUST01289,Growth Potential,3,1.0,742.76,5,2,3,9,2,0.0,0.0,0.18,1.0,low
CUST01290,Mixed Watchlist,53,2.0,1164.42,3,4,3,9,0,0.0,0.0,0.26,2.0,medium
CUST01291,Mixed Watchlist,193,0.0,0.0,1,1,1,3,0,0.0,0.0,0.0,0.0,high
CUST01292,Champions,41,2.0,2412.52,4,4,5,3,0,0.0,0.0,0.155,1.0,medium
CUST01293,Loyal Core,15,2.0,866.63,5,4,3,0,0,0.0,0.0,0.38,1.0,low
CUST01294,Growth Potential,3,1.0,750.26,5,2,3,9,0,0.0,0.0,0.45,1.0,low
CUST01295,Service Recovery,121,3.0,11655.31,2,5,5,11,0,0.0,0.3333333333333333,0.14,2.0,high
CUST01296,Mixed Watchlist,16,1.0,416.31,5,2,2,2,0,0.0,0.0,0.41,1.0,low
CUST01297,Champions,2,4.0,1798.5700000000002,5,5,4,6,0,1.0,0.0,0.27,3.0,medium
CUST01298,Dormant At-Risk,329,0.0,0.0,1,1,1,0,0,0.0,0.0,0.0,0.0,high
CUST01299,Mixed Watchlist,171,1.0,840.54,1,2,3,8,0,0.0,0.0,0.07,1.0,high
CUST01300,Champions,46,4.0,1939.2,4,5,5,10,0,1.0,0.0,0.3675,3.0,medium
CUST01301,Mixed Watchlist,85,2.0,884.5699999999999,3,4,3,4,0,0.0,0.0,0.325,1.0,high
CUST01302,Champions,1,5.0,3420.38,5,5,5,8,2,0.0,0.0,0.292,2.0,low
CUST01303,Service Recovery,20,1.0,844.74,5,2,3,3,0,1.0,0.0,0.18,1.0,medium
CUST01304,Loyal Core,27,2.0,1145.58,4,4,3,8,0,0.0,0.0,0.16999999999999998,1.0,low
CUST01305,Mixed Watchlist,50,1.0,311.4,3,2,1,8,0,0.0,0.0,0.45,1.0,medium
CUST01306,Mixed Watchlist,54,2.0,3337.79,3,4,5,2,2,0.0,0.0,0.20500000000000002,1.0,medium
CUST01307,Mixed Watchlist,234,0.0,0.0,1,1,1,4,2,0.0,0.0,0.0,0.0,high
CUST01308,Mixed Watchlist,119,1.0,380.96,2,2,2,5,1,0.0,0.0,0.27,1.0,high
CUST01309,Mixed Watchlist,73,3.0,1704.79,3,5,4,2,0,0.0,0.0,0.42333333333333334,3.0,medium
CUST01310,Discount-Sensitive,139,2.0,1213.35,2,4,4,8,1,0.0,0.0,0.405,2.0,high
CUST01311,Loyal Core,43,2.0,1069.71,4,4,3,1,0,0.0,0.0,0.37,2.0,medium
CUST01312,Champions,14,2.0,1611.51,5,4,4,5,0,0.0,0.0,0.275,2.0,low
CUST01313,Champions,4,2.0,1457.6799999999998,5,4,4,6,0,0.0,0.0,0.23,1.0,low
CUST01314,Loyal Core,1,2.0,1066.73,5,4,3,5,0,0.0,0.0,0.28,2.0,low
CUST01315,Dormant At-Risk,222,0.0,0.0,1,1,1,1,0,0.0,0.0,0.0,0.0,high
CUST01316,Mixed Watchlist,120,1.0,407.44,2,2,2,13,2,0.0,0.0,0.25,1.0,high
CUST01317,Dormant At-Risk,256,0.0,0.0,1,1,1,1,0,0.0,0.0,0.0,0.0,high
CUST01318,Dormant At-Risk,130,1.0,396.5,2,2,2,2,1,0.0,0.0,0.13,1.0,high
CUST01319,Discount-Sensitive,111,1.0,336.29,2,2,1,10,1,0.0,0.0,0.48,1.0,high
CUST01320,Mixed Watchlist,150,1.0,500.0,1,2,2,6,1,0.0,0.0,0.11,1.0,high
CUST01321,Discount-Sensitive,99,5.0,1878.1,2,5,4,12,2,0.0,0.0,0.36,3.0,high
CUST01322,Dormant At-Risk,96,1.0,564.8,2,2,2,2,0,0.0,0.0,0.17,1.0,high
CUST01323,Mixed Watchlist,276,0.0,0.0,1,1,1,3,0,0.0,0.0,0.0,0.0,high
CUST01324,Dormant At-Risk,227,0.0,0.0,1,1,1,1,1,0.0,0.0,0.0,0.0,high
CUST01325,Dormant At-Risk,186,0.0,0.0,1,1,1,1,0,0.0,0.0,0.0,0.0,high
CUST01326,Mixed Watchlist,131,1.0,1411.39,2,2,4,3,0,0.0,0.0,0.29,1.0,high
CUST01327,Mixed Watchlist,83,3.0,3429.24,3,5,5,10,2,0.0,0.0,0.13999999999999999,2.0,high
CUST01328,Mixed Watchlist,54,2.0,2001.3,3,4,5,5,0,0.0,0.0,0.235,1.0,medium
CUST01329,Service Recovery,61,3.0,1252.03,3,5,4,5,0,0.0,0.3333333333333333,0.2866666666666667,3.0,medium
CUST01330,Champions,3,3.0,2794.39,5,5,5,6,0,0.0,0.0,0.23333333333333336,2.0,low
CUST01331,Champions,14,3.0,1877.4899999999998,5,5,4,10,1,1.0,0.0,0.22666666666666666,3.0,medium
CUST01332,Champions,17,4.0,3364.3,5,5,5,7,0,0.0,0.0,0.28,2.0,low
CUST01333,Mixed Watchlist,47,1.0,420.65,3,2,2,2,1,0.0,0.0,0.18,1.0,medium
CUST01334,Dormant At-Risk,160,1.0,976.5,1,2,3,1,0,0.0,0.0,0.03,1.0,high
CUST01335,Service Recovery,75,2.0,2371.6000000000004,3,4,5,6,0,1.0,0.0,0.26,2.0,medium
CUST01336,Loyal Core,1,2.0,910.6700000000001,5,4,3,0,0,0.0,0.0,0.22999999999999998,2.0,low
CUST01337,Mixed Watchlist,49,1.0,793.95,3,2,3,14,1,0.0,0.0,0.32,1.0,medium
CUST01338,Growth Potential,7,1.0,232.88,5,2,1,14,0,1.0,1.0,0.43,1.0,medium
CUST01339,Mixed Watchlist,162,1.0,450.33,1,2,2,3,0,0.0,0.0,0.26,1.0,high
CUST01340,Mixed Watchlist,76,1.0,624.33,3,2,2,5,0,0.0,0.0,0.07,1.0,high
CUST01341,Mixed Watchlist,38,1.0,395.13,4,2,2,5,0,0.0,0.0,0.23,1.0,medium
CUST01342,Mixed Watchlist,84,2.0,1049.9,3,4,3,10,0,0.0,0.0,0.25,2.0,high
CUST01343,Loyal Core,4,3.0,1079.78,5,5,3,3,0,0.0,0.0,0.17333333333333334,3.0,low
CUST01344,Mixed Watchlist,395,0.0,0.0,1,1,1,3,0,0.0,0.0,0.0,0.0,high
CUST01345,Mixed Watchlist,38,1.0,2465.11,4,2,5,7,0,0.0,0.0,0.26,1.0,medium
CUST01346,Champions,38,3.0,2127.53,4,5,5,5,1,0.0,0.0,0.29,2.0,medium
CUST01347,Mixed Watchlist,128,1.0,316.63,2,2,1,3,0,0.0,0.0,0.39,1.0,high
CUST01348,Mixed Watchlist,140,1.0,659.62,2,2,2,3,0,0.0,0.0,0.23,1.0,high
CUST01349,Mixed Watchlist,83,2.0,2446.67,3,4,5,0,2,0.0,0.0,0.20500000000000002,2.0,high
CUST01350,Dormant At-Risk,190,0.0,0.0,1,1,1,1,0,0.0,0.0,0.0,0.0,high
CUST01351,Service Recovery,30,1.0,542.87,4,2,2,7,0,1.0,1.0,0.42,1.0,medium
CUST01352,Service Recovery,123,2.0,900.07,2,4,3,1,0,0.0,0.5,0.41500000000000004,2.0,high
CUST01353,Service Recovery,73,1.0,597.26,3,2,2,1,1,1.0,0.0,0.23,1.0,high
CUST01354,Loyal Core,2,2.0,1041.99,5,4,3,10,0,1.0,0.0,0.355,2.0,medium
CUST01355,Dormant At-Risk,88,1.0,547.04,2,2,2,2,0,0.0,0.0,0.3,1.0,high
CUST01356,Service Recovery,42,1.0,287.51,4,2,1,0,0,1.0,0.0,0.27,1.0,high
CUST01357,Dormant At-Risk,126,1.0,230.99,2,2,1,2,0,0.0,0.0,0.56,1.0,high
CUST01358,Growth Potential,18,1.0,862.52,5,2,3,14,3,0.0,0.0,0.32,1.0,low
CUST01359,Discount-Sensitive,106,2.0,1016.94,2,4,3,3,1,0.0,0.0,0.345,2.0,high
CUST01360,Mixed Watchlist,160,1.0,306.65,1,2,1,6,2,0.0,0.0,0.3,1.0,high
CUST01361,Mixed Watchlist,5,1.0,805.77,5,2,3,6,0,0.0,0.0,0.21,1.0,low
CUST01362,Discount-Sensitive,80,1.0,378.18,3,2,2,16,1,0.0,0.0,0.35,1.0,high
CUST01363,Mixed Watchlist,83,1.0,454.39,3,2,2,7,2,0.0,0.0,0.14,1.0,high
CUST01364,Mixed Watchlist,148,1.0,1261.0,1,2,4,3,0,0.0,0.0,0.2,1.0,high
CUST01365,Dormant At-Risk,247,0.0,0.0,1,1,1,1,0,0.0,0.0,0.0,0.0,high
CUST01366,Mixed Watchlist,98,1.0,149.0,2,2,1,4,0,0.0,0.0,0.53,1.0,high
CUST01367,Service Recovery,56,1.0,363.62,3,2,1,8,1,1.0,0.0,0.23,1.0,medium
CUST01368,Mixed Watchlist,308,0.0,0.0,1,1,1,8,3,0.0,0.0,0.0,0.0,high
CUST01369,Growth Potential,24,1.0,477.43,4,2,2,10,2,1.0,1.0,0.2,1.0,medium
CUST01370,Dormant At-Risk,161,2.0,1246.04,1,4,4,2,0,0.0,0.0,0.215,2.0,high
CUST01371,Champions,8,2.0,2334.49,5,4,5,6,0,1.0,0.0,0.225,1.0,medium
CUST01372,Service Recovery,71,1.0,366.8,3,2,1,5,0,1.0,1.0,0.1,1.0,medium
CUST01373,Mixed Watchlist,45,1.0,291.54,4,2,1,4,0,0.0,0.0,0.6,1.0,medium
CUST01374,Mixed Watchlist,88,1.0,282.0,2,2,1,5,0,0.0,0.0,0.19,1.0,high
CUST01375,Mixed Watchlist,64,2.0,1131.6399999999999,3,4,3,4,3,0.0,0.0,0.245,1.0,medium
CUST01376,Mixed Watchlist,34,1.0,541.57,4,2,2,6,0,0.0,0.0,0.02,1.0,low
CUST01377,Growth Potential,9,1.0,387.27,5,2,2,10,0,1.0,0.0,0.39,1.0,medium
CUST01378,Mixed Watchlist,117,1.0,348.74,2,2,1,14,0,0.0,0.0,0.16,1.0,high
CUST01379,Mixed Watchlist,186,0.0,0.0,1,1,1,6,1,0.0,0.0,0.0,0.0,high
CUST01380,Loyal Core,44,2.0,729.75,4,4,3,1,1,0.0,0.0,0.28500000000000003,1.0,medium
CUST01381,Champions,2,6.0,4149.83,5,5,5,11,3,0.0,0.0,0.25333333333333335,4.0,low
CUST01382,Loyal Core,4,2.0,987.3699999999999,5,4,3,5,1,1.0,0.5,0.19,2.0,medium
CUST01383,Champions,13,3.0,1697.28,5,5,4,14,0,1.0,0.0,0.20333333333333334,2.0,medium
CUST01384,Service Recovery,145,2.0,3420.26,2,4,5,5,0,0.0,0.5,0.19,2.0,high
CUST01385,Loyal Core,0,3.0,1753.8400000000001,5,5,4,10,4,1.0,0.3333333333333333,0.3666666666666667,3.0,medium
CUST01386,Loyal Core,14,4.0,5346.15,5,5,5,5,0,1.0,0.25,0.21250000000000002,3.0,medium
CUST01387,Dormant At-Risk,128,1.0,785.68,2,2,3,2,0,0.0,0.0,0.27,1.0,high
CUST01388,Mixed Watchlist,70,1.0,2996.98,3,2,5,1,0,0.0,0.0,0.25,1.0,high
CUST01389,Mixed Watchlist,70,2.0,1396.8200000000002,3,4,4,5,2,0.0,0.0,0.11,2.0,medium
CUST01390,Champions,9,2.0,1232.27,5,4,4,11,1,0.0,0.0,0.12000000000000001,2.0,low
CUST01391,Mixed Watchlist,94,1.0,972.01,2,2,3,11,1,0.0,0.0,0.2,1.0,high
CUST01392,Growth Potential,16,1.0,1415.53,5,2,4,2,1,0.0,0.0,0.25,1.0,low
CUST01393,Mixed Watchlist,85,1.0,493.02,3,2,2,0,1,0.0,0.0,0.28,1.0,high
CUST01394,Champions,16,2.0,1313.81,5,4,4,15,1,0.0,0.0,0.365,2.0,low
CUST01395,Champions,32,4.0,3708.11,4,5,5,4,0,0.0,0.0,0.3075,4.0,low
CUST01396,Dormant At-Risk,127,1.0,826.44,2,2,3,2,0,0.0,0.0,0.35,1.0,high
CUST01397,Champions,4,4.0,4264.139999999999,5,5,5,12,0,0.0,0.0,0.165,4.0,low
CUST01398,Service Recovery,57,1.0,1672.19,3,2,4,6,0,1.0,1.0,0.12,1.0,medium
CUST01399,Loyal Core,19,4.0,2045.41,5,5,5,10,1,1.0,0.25,0.305,3.0,medium
CUST01400,Dormant At-Risk,134,1.0,328.61,2,2,1,1,0,0.0,0.0,0.15,1.0,high
CUST01401,Mixed Watchlist,75,2.0,1991.48,3,4,5,3,0,0.0,0.0,0.19,2.0,medium
CUST01402,Dormant At-Risk,254,0.0,0.0,1,1,1,0,2,0.0,0.0,0.0,0.0,high
CUST01403,Dormant At-Risk,329,0.0,0.0,1,1,1,1,0,0.0,0.0,0.0,0.0,high
CUST01404,Mixed Watchlist,202,0.0,0.0,1,1,1,12,1,0.0,0.0,0.0,0.0,high
CUST01405,Dormant At-Risk,140,1.0,1013.03,2,2,3,2,0,0.0,0.0,0.33,1.0,high
CUST01406,Dormant At-Risk,222,0.0,0.0,1,1,1,2,0,0.0,0.0,0.0,0.0,high
CUST01407,Mixed Watchlist,139,1.0,709.73,2,2,3,3,0,0.0,0.0,0.14,1.0,high
CUST01408,Dormant At-Risk,307,0.0,0.0,1,1,1,0,0,0.0,0.0,0.0,0.0,high
CUST01409,Loyal Core,26,3.0,1087.52,4,5,3,1,0,0.0,0.0,0.4466666666666667,1.0,low
CUST01410,Mixed Watchlist,146,2.0,670.94,2,4,2,11,0,0.0,0.0,0.34,2.0,high
CUST01411,Dormant At-Risk,183,0.0,0.0,1,1,1,0,0,0.0,0.0,0.0,0.0,high
CUST01412,Mixed Watchlist,91,1.0,348.68,2,2,1,9,0,0.0,0.0,0.34,1.0,high
CUST01413,Dormant At-Risk,234,0.0,0.0,1,1,1,2,0,0.0,0.0,0.0,0.0,high
CUST01414,Growth Potential,30,1.0,453.66,4,2,2,10,1,1.0,0.0,0.34,1.0,medium
CUST01415,Growth Potential,9,1.0,509.5,5,2,2,9,0,0.0,0.0,0.29,1.0,low
CUST01416,Service Recovery,50,3.0,2785.86,3,5,5,11,2,3.0,0.6666666666666666,0.22333333333333336,3.0,medium
CUST01417,Mixed Watchlist,149,1.0,461.24,1,2,2,3,0,0.0,0.0,0.42,1.0,high
CUST01418,Mixed Watchlist,176,1.0,785.78,1,2,3,10,1,0.0,0.0,0.31,1.0,high
CUST01419,Mixed Watchlist,41,1.0,1111.02,4,2,3,1,0,0.0,0.0,0.21,1.0,high
CUST01420,Discount-Sensitive,67,3.0,2895.9100000000003,3,5,5,14,1,1.0,0.0,0.35333333333333333,3.0,medium
CUST01421,Growth Potential,46,1.0,1155.37,4,2,3,16,0,1.0,1.0,0.25,1.0,medium
CUST01422,Service Recovery,58,3.0,1353.3,3,5,4,3,0,1.0,0.3333333333333333,0.20000000000000004,2.0,medium
CUST01423,Loyal Core,41,2.0,840.3499999999999,4,4,3,5,0,0.0,0.0,0.29000000000000004,1.0,medium
CUST01424,Mixed Watchlist,93,1.0,2318.97,2,2,5,3,0,0.0,0.0,0.43,1.0,high
CUST01425,Mixed Watchlist,48,1.0,1148.76,3,2,3,3,1,0.0,0.0,0.32,1.0,medium
CUST01426,Growth Potential,24,1.0,872.32,4,2,3,8,0,0.0,0.0,0.28,1.0,low
CUST01427,Loyal Core,5,4.0,2185.2599999999998,5,5,5,11,2,2.0,0.0,0.4,3.0,medium
CUST01428,Discount-Sensitive,51,1.0,888.61,3,2,3,15,1,1.0,1.0,0.41,1.0,medium
CUST01429,Mixed Watchlist,53,2.0,1434.6100000000001,3,4,4,4,2,0.0,0.0,0.33999999999999997,1.0,medium
CUST01430,Loyal Core,5,3.0,2362.84,5,5,5,11,0,3.0,0.3333333333333333,0.26666666666666666,3.0,medium
CUST01431,Growth Potential,12,1.0,903.63,5,2,3,6,1,1.0,1.0,0.12,1.0,medium
CUST01432,Dormant At-Risk,102,1.0,410.51,2,2,2,2,0,0.0,0.0,0.25,1.0,high
CUST01433,Service Recovery,108,2.0,1057.6399999999999,2,4,3,8,0,0.0,0.5,0.35,2.0,high
CUST01434,Loyal Core,5,4.0,1436.17,5,5,4,6,0,1.0,0.25,0.4525,3.0,medium
CUST01435,Dormant At-Risk,186,0.0,0.0,1,1,1,0,0,0.0,0.0,0.0,0.0,high
CUST01436,Champions,20,2.0,2235.76,5,4,5,18,1,0.0,0.0,0.31,2.0,low
CUST01437,Dormant At-Risk,246,0.0,0.0,1,1,1,2,0,0.0,0.0,0.0,0.0,high
CUST01438,Dormant At-Risk,157,2.0,2087.95,1,4,5,0,0,0.0,0.0,0.305,2.0,high
CUST01439,Champions,0,3.0,4431.7,5,5,5,7,0,1.0,0.0,0.19999999999999998,2.0,medium
CUST01440,Champions,6,3.0,3177.64,5,5,5,3,0,1.0,0.0,0.2833333333333334,1.0,medium
CUST01441,Dormant At-Risk,322,0.0,0.0,1,1,1,1,2,0.0,0.0,0.0,0.0,high
CUST01442,Service Recovery,105,3.0,2184.02,2,5,5,9,1,0.0,0.3333333333333333,0.21666666666666667,2.0,high
CUST01443,Champions,20,3.0,3298.22,5,5,5,1,0,0.0,0.0,0.24666666666666667,1.0,low
CUST01444,Loyal Core,32,2.0,1096.85,4,4,3,2,1,0.0,0.0,0.375,2.0,low
CUST01445,Service Recovery,115,2.0,1969.1,2,4,5,2,0,0.0,0.5,0.305,2.0,high
CUST01446,Mixed Watchlist,132,1.0,789.48,2,2,3,5,0,0.0,0.0,0.03,1.0,high
CUST01447,Growth Potential,18,1.0,1665.94,5,2,4,13,0,0.0,0.0,0.13,1.0,low
CUST01448,Dormant At-Risk,233,0.0,0.0,1,1,1,1,0,0.0,0.0,0.0,0.0,high
CUST01449,Loyal Core,3,2.0,874.09,5,4,3,5,2,1.0,0.0,0.315,2.0,medium
CUST01450,Service Recovery,126,2.0,1429.2,2,4,4,2,0,0.0,0.5,0.105,2.0,high
CUST01451,Growth Potential,34,1.0,1506.43,4,2,4,13,0,1.0,0.0,0.41,1.0,medium
CUST01452,Mixed Watchlist,116,1.0,1448.27,2,2,4,10,0,0.0,0.0,0.42,1.0,high
CUST01453,Mixed Watchlist,82,2.0,1354.88,3,4,4,7,1,0.0,0.0,0.225,2.0,high
CUST01454,Mixed Watchlist,70,3.0,2311.4700000000003,3,5,5,2,2,0.0,0.0,0.31666666666666665,3.0,medium
CUST01455,Dormant At-Risk,335,0.0,0.0,1,1,1,0,0,0.0,0.0,0.0,0.0,high
CUST01456,Mixed Watchlist,17,1.0,1158.71,5,2,3,7,0,1.0,0.0,0.2,1.0,medium
CUST01457,Dormant At-Risk,248,0.0,0.0,1,1,1,0,0,0.0,0.0,0.0,0.0,high
CUST01458,Mixed Watchlist,52,1.0,1462.88,3,2,4,1,0,0.0,0.0,0.13,1.0,high
CUST01459,Mixed Watchlist,68,3.0,1869.62,3,5,4,4,0,0.0,0.0,0.19333333333333336,2.0,medium
CUST01460,Mixed Watchlist,128,3.0,1836.58,2,5,4,4,0,0.0,0.0,0.17333333333333334,3.0,high
CUST01461,Mixed Watchlist,107,2.0,1214.31,2,4,4,3,0,0.0,0.0,0.29000000000000004,2.0,high
CUST01462,Mixed Watchlist,80,1.0,388.39,3,2,2,3,0,0.0,0.0,0.21,1.0,high
CUST01463,Dormant At-Risk,356,0.0,0.0,1,1,1,1,0,0.0,0.0,0.0,0.0,high
CUST01464,Champions,42,2.0,1743.4,4,4,4,13,3,0.0,0.0,0.25,1.0,medium
CUST01465,Growth Potential,10,2.0,670.57,5,4,2,16,0,0.0,0.0,0.33499999999999996,1.0,low
CUST01466,Mixed Watchlist,56,2.0,1494.87,3,4,4,2,1,0.0,0.0,0.185,2.0,medium
CUST01467,Mixed Watchlist,89,2.0,649.13,2,4,2,5,0,0.0,0.0,0.29,1.0,high
CUST01468,Mixed Watchlist,166,1.0,1034.31,1,2,3,4,0,0.0,0.0,0.38,1.0,high
CUST01469,Growth Potential,44,1.0,1313.43,4,2,4,0,1,0.0,0.0,0.17,1.0,high
CUST01470,Dormant At-Risk,241,0.0,0.0,1,1,1,1,0,0.0,0.0,0.0,0.0,high
CUST01471,Mixed Watchlist,77,4.0,2450.75,3,5,5,8,0,0.0,0.0,0.36,4.0,high
CUST01472,Champions,0,4.0,2039.77,5,5,5,3,1,1.0,0.0,0.305,3.0,medium
CUST01473,Mixed Watchlist,48,3.0,2475.68,3,5,5,5,1,0.0,0.0,0.26,3.0,medium
CUST01474,Service Recovery,61,2.0,959.29,3,4,3,8,0,2.0,0.5,0.205,2.0,medium
CUST01475,Dormant At-Risk,114,1.0,650.36,2,2,2,0,0,0.0,0.0,0.27,1.0,high
CUST01476,Dormant At-Risk,127,1.0,370.67,2,2,1,0,0,0.0,0.0,0.27,1.0,high
CUST01477,Discount-Sensitive,55,3.0,1828.06,3,5,4,3,2,0.0,0.0,0.36999999999999994,1.0,medium
CUST01478,Champions,40,3.0,3159.76,4,5,5,10,0,0.0,0.0,0.14333333333333334,3.0,medium
CUST01479,Champions,42,4.0,1777.74,4,5,4,0,1,0.0,0.0,0.4275,2.0,medium
CUST01480,Mixed Watchlist,347,0.0,0.0,1,1,1,3,0,0.0,0.0,0.0,0.0,high
CUST01481,Mixed Watchlist,122,2.0,1650.56,2,4,4,4,1,0.0,0.0,0.33999999999999997,2.0,high
CUST01482,Dormant At-Risk,158,2.0,1073.55,1,4,3,1,1,0.0,0.0,0.29000000000000004,2.0,high
CUST01483,Loyal Core,7,2.0,783.94,5,4,3,5,0,0.0,0.5,0.33999999999999997,2.0,low
CUST01484,Dormant At-Risk,111,1.0,568.21,2,2,2,1,0,0.0,0.0,0.25,1.0,high
CUST01485,Service Recovery,69,3.0,2973.96,3,5,5,6,1,0.0,0.3333333333333333,0.20000000000000004,3.0,medium
CUST01486,Mixed Watchlist,48,1.0,770.52,3,3,3,5,0,0.0,0.0,0.23,1.0,medium
CUST01487,Dormant At-Risk,232,0.0,0.0,1,1,1,1,1,0.0,0.0,0.0,0.0,high
CUST01488,Loyal Core,33,3.0,1749.42,4,5,4,14,2,1.0,0.3333333333333333,0.2966666666666667,2.0,medium
CUST01489,Champions,41,4.0,5287.87,4,5,5,9,0,1.0,0.0,0.2525,3.0,medium
CUST01490,Mixed Watchlist,122,2.0,1360.72,2,4,4,3,0,0.0,0.0,0.28500000000000003,2.0,high
CUST01491,Mixed Watchlist,87,2.0,1889.89,2,4,4,6,0,0.0,0.0,0.245,2.0,high
CUST01492,Service Recovery,62,2.0,2179.26,3,4,5,10,0,1.0,0.0,0.12,1.0,medium
CUST01493,Loyal Core,10,2.0,807.4499999999999,5,4,3,0,0,0.0,0.0,0.26,2.0,low
CUST01494,Dormant At-Risk,265,0.0,0.0,1,1,1,1,1,0.0,0.0,0.0,0.0,high
CUST01495,Service Recovery,89,3.0,2084.73,2,5,5,0,0,1.0,0.0,0.26,2.0,high
CUST01496,Growth Potential,16,1.0,662.11,5,3,2,9,3,0.0,0.0,0.3,1.0,low
CUST01497,Loyal Core,35,4.0,2041.04,4,5,5,9,0,1.0,0.25,0.39,4.0,medium
CUST01498,Champions,12,4.0,3245.4700000000003,5,5,5,14,0,1.0,0.0,0.1325,3.0,medium
CUST01499,Mixed Watchlist,133,1.0,1510.54,2,3,4,3,0,0.0,0.0,0.25,1.0,high
CUST01500,Mixed Watchlist,95,1.0,269.54,2,3,1,8,0,0.0,0.0,0.34,1.0,high
CUST01501,Service Recovery,66,2.0,646.4300000000001,3,4,2,6,0,2.0,0.0,0.51,2.0,medium
CUST01502,Service Recovery,80,2.0,1331.42,3,4,4,15,1,0.0,0.5,0.20500000000000002,1.0,high
CUST01503,Mixed Watchlist,90,1.0,367.27,2,3,1,8,0,0.0,0.0,0.33,1.0,high
CUST01504,Dormant At-Risk,152,1.0,588.35,1,3,2,0,1,0.0,1.0,0.31,1.0,high
CUST01505,Discount-Sensitive,64,1.0,608.83,3,3,2,2,2,0.0,0.0,0.4,1.0,medium
CUST01506,Mixed Watchlist,140,1.0,318.41,2,3,1,4,0,0.0,0.0,0.4,1.0,high
CUST01507,Service Recovery,125,2.0,2311.37,2,4,5,5,0,0.0,0.5,0.19,2.0,high
CUST01508,Loyal Core,3,1.0,845.65,5,3,3,10,4,0.0,0.0,0.26,1.0,low
CUST01509,Loyal Core,6,3.0,1236.7,5,5,4,17,0,1.0,0.3333333333333333,0.36999999999999994,2.0,medium
CUST01510,Mixed Watchlist,132,2.0,1667.1,2,4,4,7,2,0.0,0.0,0.315,2.0,high
CUST01511,Mixed Watchlist,88,4.0,2601.14,2,5,5,11,1,0.0,0.0,0.135,3.0,high
CUST01512,Loyal Core,43,1.0,703.24,4,3,3,3,0,1.0,0.0,0.23,1.0,medium
CUST01513,Dormant At-Risk,131,1.0,1062.28,2,3,3,0,0,0.0,0.0,0.41,1.0,high
CUST01514,Mixed Watchlist,82,3.0,1466.5,3,5,4,5,3,0.0,0.0,0.2333333333333333,2.0,high
CUST01515,Mixed Watchlist,96,3.0,3057.74,2,5,5,4,0,0.0,0.0,0.21666666666666667,2.0,high
CUST01516,Mixed Watchlist,172,1.0,421.68,1,3,2,15,2,0.0,0.0,0.41,1.0,high
CUST01517,Mixed Watchlist,87,1.0,628.81,2,3,2,4,0,0.0,0.0,0.19,1.0,high
CUST01518,Dormant At-Risk,485,0.0,0.0,1,1,1,1,0,0.0,0.0,0.0,0.0,high
CUST01519,Dormant At-Risk,105,3.0,3216.75,2,5,5,0,0,0.0,0.0,0.16666666666666666,2.0,high
CUST01520,Growth Potential,19,1.0,333.93,5,3,1,10,0,0.0,0.0,0.18,1.0,low
CUST01521,Loyal Core,10,2.0,1070.1399999999999,5,4,3,2,0,0.0,0.0,0.2,2.0,low
CUST01522,Mixed Watchlist,68,1.0,882.29,3,3,3,2,1,0.0,0.0,0.33,1.0,medium
CUST01523,Loyal Core,15,4.0,3702.2799999999997,5,5,5,1,1,1.0,0.25,0.3275,3.0,medium
CUST01524,Loyal Core,19,1.0,2078.4,5,3,5,5,1,1.0,0.0,0.0,1.0,medium
CUST01525,Mixed Watchlist,56,2.0,1514.06,3,4,4,1,0,0.0,0.0,0.235,2.0,medium
CUST01526,Loyal Core,9,2.0,2585.39,5,4,5,7,2,2.0,0.5,0.265,2.0,medium
CUST01527,Dormant At-Risk,326,0.0,0.0,1,1,1,1,1,0.0,0.0,0.0,0.0,high
CUST01528,Mixed Watchlist,105,1.0,424.84,2,3,2,13,0,0.0,0.0,0.55,1.0,high
CUST01529,Dormant At-Risk,194,0.0,0.0,1,1,1,0,0,0.0,0.0,0.0,0.0,high
CUST01530,Mixed Watchlist,182,0.0,0.0,1,1,1,7,2,0.0,0.0,0.0,0.0,high
CUST01531,Mixed Watchlist,222,0.0,0.0,1,1,1,3,1,0.0,0.0,0.0,0.0,high
CUST01532,Mixed Watchlist,159,1.0,776.24,1,3,3,6,1,0.0,0.0,0.25,1.0,high
CUST01533,Mixed Watchlist,167,1.0,697.43,1,3,3,6,0,0.0,0.0,0.21,1.0,high
CUST01534,Mixed Watchlist,22,1.0,416.32,4,3,2,7,0,0.0,0.0,0.24,1.0,low
CUST01535,Loyal Core,8,5.0,2197.52,5,5,5,9,4,0.0,0.2,0.422,3.0,low
CUST01536,Loyal Core,7,1.0,1059.82,5,3,3,2,0,1.0,0.0,0.3,1.0,medium
CUST01537,Mixed Watchlist,123,1.0,355.81,2,3,1,3,0,0.0,0.0,0.32,1.0,high
CUST01538,Mixed Watchlist,80,1.0,346.25,3,3,1,8,1,0.0,0.0,0.32,1.0,high
CUST01539,Dormant At-Risk,158,1.0,643.65,1,3,2,0,0,0.0,0.0,0.27,1.0,high
CUST01540,Mixed Watchlist,195,0.0,0.0,1,1,1,4,1,0.0,0.0,0.0,0.0,high
CUST01541,Mixed Watchlist,64,1.0,626.47,3,3,2,5,0,0.0,0.0,0.36,1.0,medium
CUST01542,Growth Potential,4,1.0,382.91,5,3,2,15,0,0.0,0.0,0.58,1.0,low
CUST01543,Mixed Watchlist,131,1.0,1270.64,2,3,4,8,2,0.0,0.0,0.3,1.0,high
CUST01544,Discount-Sensitive,113,2.0,1196.51,2,4,4,11,2,0.0,0.0,0.37,2.0,high
CUST01545,Mixed Watchlist,106,1.0,806.94,2,3,3,4,0,0.0,0.0,0.16,1.0,high
CUST01546,Growth Potential,22,2.0,599.02,4,4,2,4,1,2.0,0.0,0.42,2.0,medium
CUST01547,Mixed Watchlist,99,2.0,881.6500000000001,2,4,3,4,1,0.0,0.0,0.275,2.0,high
CUST01548,Mixed Watchlist,49,1.0,497.12,3,3,2,2,0,0.0,0.0,0.21,1.0,medium
CUST01549,Mixed Watchlist,167,1.0,708.07,1,3,3,15,0,0.0,0.0,0.24,1.0,high
CUST01550,Mixed Watchlist,109,4.0,1841.6,2,5,4,5,0,0.0,0.0,0.27,2.0,high
CUST01551,Mixed Watchlist,69,1.0,674.67,3,3,2,11,0,0.0,0.0,0.24,1.0,medium
CUST01552,Mixed Watchlist,108,2.0,999.14,2,4,3,3,0,0.0,0.0,0.355,2.0,high
CUST01553,Mixed Watchlist,153,1.0,381.8,1,3,2,4,1,0.0,0.0,0.25,1.0,high
CUST01554,Mixed Watchlist,75,2.0,2807.29,3,4,5,8,1,0.0,0.0,0.315,2.0,medium
CUST01555,Growth Potential,30,1.0,329.17,4,3,1,5,2,1.0,0.0,0.28,1.0,medium
CUST01556,Loyal Core,37,2.0,729.47,4,4,3,1,2,0.0,0.0,0.27,2.0,medium
CUST01557,Growth Potential,41,1.0,452.3,4,3,2,9,0,0.0,0.0,0.19,1.0,medium
CUST01558,Dormant At-Risk,210,0.0,0.0,1,1,1,1,0,0.0,0.0,0.0,0.0,high
CUST01559,Discount-Sensitive,93,3.0,1317.97,2,5,4,5,2,1.0,0.3333333333333333,0.3466666666666667,3.0,high
CUST01560,Loyal Core,8,2.0,1018.83,5,4,3,14,2,0.0,0.5,0.345,1.0,low
CUST01561,Mixed Watchlist,153,1.0,567.89,1,3,2,5,3,0.0,0.0,0.21,1.0,high
CUST01562,Service Recovery,51,2.0,1271.3,3,4,4,17,0,1.0,0.5,0.25,2.0,medium
CUST01563,Loyal Core,20,2.0,1279.74,5,4,4,0,0,1.0,0.5,0.07,1.0,medium
CUST01564,Dormant At-Risk,236,0.0,0.0,1,1,1,1,0,0.0,0.0,0.0,0.0,high
CUST01565,Growth Potential,41,1.0,659.77,4,3,2,4,1,0.0,0.0,0.27,1.0,medium
CUST01566,Mixed Watchlist,5,1.0,486.05,5,3,2,0,0,0.0,0.0,0.35,1.0,high
CUST01567,Mixed Watchlist,345,0.0,0.0,1,1,1,3,1,0.0,0.0,0.0,0.0,high
CUST01568,Dormant At-Risk,178,1.0,831.95,1,3,3,2,0,0.0,0.0,0.14,1.0,high
CUST01569,Mixed Watchlist,81,1.0,1205.91,3,3,4,20,0,0.0,0.0,0.17,1.0,high
CUST01570,Dormant At-Risk,144,2.0,551.3299999999999,2,4,2,2,0,0.0,0.0,0.41000000000000003,2.0,high
CUST01571,Dormant At-Risk,253,0.0,0.0,1,1,1,1,1,0.0,0.0,0.0,0.0,high
CUST01572,Dormant At-Risk,227,0.0,0.0,1,1,1,1,1,0.0,0.0,0.0,0.0,high
CUST01573,Service Recovery,78,3.0,2463.27,3,5,5,7,0,1.0,0.0,0.29,2.0,high
CUST01574,Dormant At-Risk,161,2.0,2180.97,1,4,5,2,1,0.0,0.0,0.345,2.0,high
CUST01575,Dormant At-Risk,165,1.0,1350.03,1,3,4,1,0,0.0,0.0,0.14,1.0,high
CUST01576,Service Recovery,82,1.0,1953.76,3,3,5,10,0,1.0,1.0,0.1,1.0,high
CUST01577,Service Recovery,107,1.0,343.71,2,3,1,3,0,0.0,1.0,0.42,1.0,high
CUST01578,Loyal Core,10,1.0,1222.13,5,3,4,4,3,0.0,0.0,0.12,1.0,low
CUST01579,Champions,45,5.0,4218.4,4,5,5,9,1,0.0,0.0,0.26999999999999996,4.0,medium
CUST01580,Loyal Core,18,2.0,912.24,5,4,3,14,1,0.0,0.0,0.315,1.0,low
CUST01581,Loyal Core,22,3.0,2148.76,4,5,5,6,0,1.0,0.3333333333333333,0.26,3.0,medium
CUST01582,Service Recovery,58,2.0,1139.38,3,4,3,5,1,1.0,0.5,0.235,2.0,medium
CUST01583,Dormant At-Risk,261,0.0,0.0,1,1,1,2,2,0.0,0.0,0.0,0.0,high
CUST01584,Loyal Core,0,2.0,1098.94,5,4,3,6,0,0.0,0.0,0.28,2.0,low
CUST01585,Mixed Watchlist,23,1.0,327.29,4,3,1,4,0,0.0,0.0,0.32,1.0,low
CUST01586,Loyal Core,25,1.0,788.8,4,3,3,7,1,1.0,0.0,0.25,1.0,medium
CUST01587,Mixed Watchlist,129,2.0,1403.63,2,4,4,10,0,0.0,0.0,0.39,2.0,high
CUST01588,Dormant At-Risk,145,3.0,1959.15,2,5,5,2,0,0.0,0.0,0.19000000000000003,2.0,high
CUST01589,Dormant At-Risk,147,1.0,460.78,2,3,2,1,0,0.0,0.0,0.23,1.0,high
CUST01590,Mixed Watchlist,129,2.0,1250.94,2,4,4,8,0,0.0,0.0,0.19,2.0,high
CUST01591,Mixed Watchlist,136,2.0,2478.69,2,4,5,4,0,0.0,0.0,0.3,2.0,high
CUST01592,Mixed Watchlist,117,1.0,500.86,2,3,2,8,0,0.0,0.0,0.21,1.0,high
CUST01593,Growth Potential,30,1.0,675.24,4,3,2,18,2,0.0,0.0,0.24,1.0,low
CUST01594,Champions,43,2.0,1570.28,4,4,4,2,0,0.0,0.0,0.28,2.0,medium
CUST01595,Mixed Watchlist,59,1.0,531.64,3,3,2,8,1,0.0,0.0,0.27,1.0,medium
CUST01596,Service Recovery,60,3.0,1798.04,3,5,4,7,1,0.0,0.3333333333333333,0.3133333333333333,3.0,medium
CUST01597,Mixed Watchlist,40,1.0,509.02,4,3,2,4,0,1.0,0.0,0.42,1.0,medium
CUST01598,Mixed Watchlist,68,1.0,292.55,3,3,1,4,2,0.0,0.0,0.31,1.0,medium
CUST01599,Mixed Watchlist,82,1.0,307.89,3,3,1,3,2,0.0,0.0,0.24,1.0,high
CUST01600,Mixed Watchlist,0,1.0,657.78,5,3,2,2,0,0.0,0.0,0.43,1.0,low
CUST01601,Mixed Watchlist,49,2.0,1021.85,3,4,3,6,0,1.0,0.0,0.21,2.0,medium
CUST01602,Champions,22,3.0,1334.5700000000002,4,5,4,8,1,0.0,0.0,0.40666666666666673,3.0,low
CUST01603,Dormant At-Risk,166,1.0,455.96,1,3,2,0,0,0.0,1.0,0.24,1.0,high
CUST01604,Mixed Watchlist,49,3.0,1407.27,3,5,4,17,1,0.0,0.0,0.33,1.0,medium
CUST01605,Loyal Core,20,1.0,1057.43,5,3,3,3,0,0.0,0.0,0.18,1.0,low
CUST01606,Dormant At-Risk,180,1.0,282.09,1,3,1,1,0,0.0,0.0,0.45,1.0,high
CUST01607,Mixed Watchlist,155,1.0,1515.3,1,3,4,7,0,0.0,0.0,0.23,1.0,high
CUST01608,Growth Potential,26,1.0,501.47,4,3,2,1,2,0.0,0.0,0.27,1.0,high
CUST01609,Mixed Watchlist,69,1.0,689.75,3,3,3,4,0,1.0,0.0,0.35,1.0,medium
CUST01610,Discount-Sensitive,69,4.0,2593.45,3,5,5,4,2,0.0,0.25,0.34750000000000003,2.0,medium
CUST01611,Champions,28,4.0,2180.7200000000003,4,5,5,1,3,0.0,0.0,0.29000000000000004,4.0,low
CUST01612,Dormant At-Risk,283,0.0,0.0,1,1,1,1,0,0.0,0.0,0.0,0.0,high
CUST01613,Dormant At-Risk,255,0.0,0.0,1,1,1,0,1,0.0,0.0,0.0,0.0,high
CUST01614,Service Recovery,103,2.0,1352.11,2,4,4,4,0,0.0,0.5,0.3,2.0,high
CUST01615,Champions,1,3.0,1862.39,5,5,4,3,0,1.0,0.0,0.26333333333333336,3.0,medium
CUST01616,Mixed Watchlist,160,1.0,1177.41,1,3,3,4,2,0.0,0.0,0.19,1.0,high
CUST01617,Service Recovery,71,2.0,1632.85,3,4,4,9,0,1.0,0.0,0.23,2.0,medium
CUST01618,Mixed Watchlist,84,1.0,426.08,3,3,2,2,0,0.0,0.0,0.43,1.0,high
CUST01619,Loyal Core,2,3.0,1148.84,5,5,3,8,1,0.0,0.0,0.36000000000000004,3.0,low
CUST01620,Champions,4,4.0,2409.04,5,5,5,7,1,0.0,0.0,0.3025,3.0,low
CUST01621,Champions,26,3.0,2561.91,4,5,5,10,3,1.0,0.0,0.1466666666666667,3.0,medium
CUST01622,Loyal Core,15,2.0,888.17,5,4,3,6,2,0.0,0.0,0.44000000000000006,2.0,low
CUST01623,Dormant At-Risk,359,0.0,0.0,1,1,1,0,0,0.0,0.0,0.0,0.0,high
CUST01624,Mixed Watchlist,75,4.0,2439.45,3,5,5,11,0,0.0,0.25,0.27,3.0,medium
CUST01625,Growth Potential,10,2.0,679.1800000000001,5,4,2,7,1,1.0,0.0,0.27,2.0,medium
CUST01626,Champions,28,3.0,2085.26,4,5,5,6,0,0.0,0.0,0.3133333333333333,3.0,low
CUST01627,Dormant At-Risk,295,0.0,0.0,1,1,1,1,0,0.0,0.0,0.0,0.0,high
CUST01628,Mixed Watchlist,180,1.0,399.53,1,3,2,4,0,0.0,1.0,0.31,1.0,high
CUST01629,Mixed Watchlist,81,2.0,1120.0,3,4,3,1,0,0.0,0.0,0.295,2.0,high
CUST01630,Loyal Core,19,3.0,3394.5299999999997,5,5,5,6,1,1.0,0.3333333333333333,0.22999999999999998,2.0,medium
CUST01631,Champions,2,3.0,2040.85,5,5,5,14,1,1.0,0.0,0.3233333333333333,2.0,medium
CUST01632,Loyal Core,6,1.0,1472.62,5,3,4,4,0,0.0,0.0,0.33,1.0,low
CUST01633,Discount-Sensitive,55,2.0,859.6700000000001,3,4,3,3,1,1.0,0.0,0.39,1.0,medium
CUST01634,Mixed Watchlist,40,1.0,668.05,4,3,2,6,0,0.0,0.0,0.4,1.0,medium
CUST01635,Loyal Core,42,2.0,1322.0500000000002,4,4,4,10,2,1.0,0.5,0.225,2.0,medium
CUST01636,Growth Potential,16,1.0,310.14,5,3,1,10,2,0.0,0.0,0.44,1.0,low
CUST01637,Champions,29,5.0,4002.06,4,5,5,8,2,1.0,0.0,0.368,3.0,medium
CUST01638,Champions,31,2.0,1665.1100000000001,4,4,4,9,1,0.0,0.0,0.26,2.0,low
CUST01639,Mixed Watchlist,166,1.0,1450.38,1,3,4,3,0,0.0,0.0,0.0,1.0,high
CUST01640,Mixed Watchlist,105,1.0,464.57,2,3,2,6,0,0.0,0.0,0.35,1.0,high
CUST01641,Mixed Watchlist,101,1.0,608.86,2,3,2,13,0,0.0,0.0,0.0,1.0,high
CUST01642,Champions,4,3.0,3151.98,5,5,5,5,0,0.0,0.0,0.33,2.0,low
CUST01643,Mixed Watchlist,182,0.0,0.0,1,1,1,5,2,0.0,0.0,0.0,0.0,high
CUST01644,Service Recovery,118,2.0,818.79,2,4,3,5,3,0.0,0.5,0.195,2.0,high
CUST01645,Mixed Watchlist,74,3.0,2748.62,3,5,5,9,1,0.0,0.0,0.26,2.0,medium
CUST01646,Mixed Watchlist,66,4.0,2483.29,3,5,5,10,0,0.0,0.0,0.21250000000000002,3.0,medium
CUST01647,Champions,10,4.0,3321.39,5,5,5,8,0,0.0,0.0,0.1825,3.0,low
CUST01648,Dormant At-Risk,150,1.0,540.77,1,3,2,2,3,0.0,0.0,0.19,1.0,high
CUST01649,Dormant At-Risk,243,0.0,0.0,1,1,1,1,0,0.0,0.0,0.0,0.0,high
CUST01650,Discount-Sensitive,102,1.0,1797.67,2,3,4,9,3,0.0,0.0,0.41,1.0,high
CUST01651,Dormant At-Risk,87,1.0,508.39,2,3,2,0,1,1.0,0.0,0.14,1.0,high
CUST01652,Loyal Core,40,3.0,2663.46,4,5,5,2,0,1.0,0.6666666666666666,0.21666666666666667,2.0,medium
CUST01653,Service Recovery,87,2.0,1706.87,2,4,4,0,0,1.0,0.0,0.21000000000000002,1.0,high
CUST01654,Dormant At-Risk,99,1.0,1073.19,2,3,3,2,2,0.0,0.0,0.24,1.0,high
CUST01655,Champions,13,2.0,1358.99,5,4,4,2,0,0.0,0.0,0.15,2.0,low
CUST01656,Loyal Core,9,6.0,3506.88,5,5,5,16,4,0.0,0.16666666666666666,0.22666666666666666,2.0,low
CUST01657,Dormant At-Risk,328,0.0,0.0,1,1,1,2,0,0.0,0.0,0.0,0.0,high
CUST01658,Mixed Watchlist,56,4.0,3534.3100000000004,3,5,5,3,0,2.0,0.0,0.2725,3.0,medium
CUST01659,Mixed Watchlist,98,2.0,1400.5700000000002,2,4,4,8,0,0.0,0.0,0.26,2.0,high
CUST01660,Champions,6,2.0,2406.57,5,4,5,10,3,0.0,0.0,0.22999999999999998,2.0,low
CUST01661,Dormant At-Risk,154,1.0,326.3,1,3,1,0,0,0.0,1.0,0.39,1.0,high
CUST01662,Loyal Core,33,2.0,1004.6500000000001,4,4,3,3,0,0.0,0.0,0.215,2.0,low
CUST01663,Loyal Core,22,3.0,2366.8,4,5,5,4,0,2.0,0.3333333333333333,0.21666666666666667,3.0,medium
CUST01664,Discount-Sensitive,75,1.0,888.92,3,3,3,20,1,0.0,0.0,0.46,1.0,medium
CUST01665,Mixed Watchlist,75,1.0,335.28,3,3,1,6,1,0.0,0.0,0.18,1.0,medium
CUST01666,Mixed Watchlist,318,0.0,0.0,1,1,1,5,4,0.0,0.0,0.0,0.0,high
CUST01667,Discount-Sensitive,136,2.0,1307.77,2,4,4,12,2,0.0,0.0,0.36,1.0,high
CUST01668,Mixed Watchlist,106,3.0,2195.5699999999997,2,5,5,7,0,0.0,0.0,0.36999999999999994,3.0,high
CUST01669,Dormant At-Risk,143,1.0,406.94,2,3,2,0,0,0.0,0.0,0.27,1.0,high
CUST01670,Champions,19,2.0,2472.29,5,4,5,15,0,1.0,0.0,0.26,1.0,medium
CUST01671,Service Recovery,79,3.0,3295.24,3,5,5,1,0,1.0,0.3333333333333333,0.4066666666666667,2.0,high
CUST01672,Champions,29,2.0,1440.35,4,4,4,7,0,0.0,0.0,0.215,2.0,low
CUST01673,Growth Potential,24,1.0,489.02,4,3,2,3,1,0.0,0.0,0.19,1.0,low
CUST01674,Mixed Watchlist,116,2.0,936.21,2,4,3,5,0,0.0,0.0,0.26,2.0,high
CUST01675,Mixed Watchlist,132,2.0,1309.95,2,4,4,3,0,0.0,0.0,0.29,2.0,high
CUST01676,Mixed Watchlist,133,1.0,578.91,2,3,2,5,1,0.0,0.0,0.08,1.0,high
CUST01677,Champions,17,3.0,1571.06,5,5,4,3,0,0.0,0.0,0.25,1.0,low
CUST01678,Mixed Watchlist,50,1.0,854.48,3,3,3,1,0,0.0,0.0,0.05,1.0,high
CUST01679,Loyal Core,29,1.0,798.11,4,3,3,7,2,0.0,0.0,0.19,1.0,low
CUST01680,Loyal Core,36,1.0,2660.5,4,3,5,12,0,0.0,0.0,0.09,1.0,medium
CUST01681,Mixed Watchlist,53,1.0,804.75,3,3,3,6,0,0.0,0.0,0.29,1.0,medium
CUST01682,Dormant At-Risk,227,0.0,0.0,1,1,1,0,0,0.0,0.0,0.0,0.0,high
CUST01683,Champions,26,4.0,4532.08,4,5,5,7,0,0.0,0.0,0.29000000000000004,3.0,low
CUST01684,Mixed Watchlist,63,3.0,3554.1800000000003,3,5,5,4,0,0.0,0.0,0.17666666666666667,2.0,medium
CUST01685,Dormant At-Risk,278,0.0,0.0,1,1,1,2,0,0.0,0.0,0.0,0.0,high
CUST01686,Dormant At-Risk,138,1.0,699.98,2,3,3,0,0,0.0,0.0,0.0,1.0,high
CUST01687,Mixed Watchlist,81,1.0,392.39,3,3,2,3,0,0.0,0.0,0.08,1.0,high
CUST01688,Mixed Watchlist,130,1.0,602.81,2,3,2,9,0,0.0,0.0,0.42,1.0,high
CUST01689,Discount-Sensitive,62,1.0,1029.49,3,3,3,6,1,0.0,0.0,0.39,1.0,medium
CUST01690,Service Recovery,70,1.0,301.13,3,3,1,2,0,1.0,1.0,0.65,1.0,medium
CUST01691,Service Recovery,89,1.0,591.46,2,3,2,8,0,1.0,1.0,0.31,1.0,high
CUST01692,Mixed Watchlist,176,1.0,456.23,1,3,2,6,1,0.0,1.0,0.36,1.0,high
CUST01693,Growth Potential,33,1.0,483.01,4,3,2,11,3,0.0,0.0,0.26,1.0,low
CUST01694,Loyal Core,38,1.0,759.46,4,3,3,10,2,0.0,0.0,0.43,1.0,medium
CUST01695,Mixed Watchlist,72,3.0,1167.5900000000001,3,5,3,22,4,0.0,0.0,0.2966666666666667,2.0,medium
CUST01696,Dormant At-Risk,127,1.0,652.34,2,3,2,1,1,0.0,0.0,0.21,1.0,high
CUST01697,Mixed Watchlist,62,2.0,1630.5700000000002,3,4,4,5,1,0.0,0.0,0.195,2.0,medium
CUST01698,Discount-Sensitive,68,4.0,4139.24,3,5,5,5,1,1.0,0.25,0.345,4.0,medium
CUST01699,Dormant At-Risk,242,0.0,0.0,1,1,1,2,0,0.0,0.0,0.0,0.0,high
CUST01700,Champions,6,2.0,2044.9,5,4,5,14,2,0.0,0.0,0.365,2.0,low
CUST01701,Growth Potential,14,1.0,388.29,5,3,2,3,1,0.0,0.0,0.34,1.0,low
CUST01702,Mixed Watchlist,209,0.0,0.0,1,1,1,3,0,0.0,0.0,0.0,0.0,high
CUST01703,Champions,7,2.0,2037.6100000000001,5,4,5,6,0,0.0,0.0,0.11499999999999999,2.0,low
CUST01704,Mixed Watchlist,47,1.0,926.37,3,3,3,13,2,0.0,0.0,0.06,1.0,medium
CUST01705,Champions,29,3.0,1829.77,4,5,4,21,2,1.0,0.0,0.27666666666666667,3.0,medium
CUST01706,Champions,6,3.0,1683.9099999999999,5,5,4,6,0,1.0,0.0,0.29333333333333333,3.0,medium
CUST01707,Champions,2,2.0,1446.76,5,4,4,5,0,0.0,0.0,0.355,2.0,low
CUST01708,Champions,5,3.0,1319.75,5,5,4,7,0,0.0,0.0,0.37333333333333335,2.0,low
CUST01709,Dormant At-Risk,157,1.0,484.31,1,3,2,1,3,0.0,0.0,0.31,1.0,high
CUST01710,Discount-Sensitive,58,3.0,1236.27,3,5,4,10,1,1.0,0.0,0.41,2.0,medium
CUST01711,Dormant At-Risk,110,2.0,1341.5,2,4,4,2,2,0.0,0.0,0.155,2.0,high
CUST01712,Loyal Core,25,1.0,828.82,4,3,3,9,0,1.0,0.0,0.32,1.0,medium
CUST01713,Loyal Core,41,5.0,3851.7200000000003,4,5,5,1,0,1.0,0.4,0.202,2.0,medium
CUST01714,Dormant At-Risk,132,1.0,894.52,2,3,3,0,0,0.0,0.0,0.2,1.0,high
CUST01715,Discount-Sensitive,121,1.0,703.76,2,3,3,4,1,0.0,0.0,0.7,1.0,high
CUST01716,Loyal Core,31,2.0,1884.2800000000002,4,4,4,1,0,1.0,0.5,0.30000000000000004,2.0,medium
CUST01717,Mixed Watchlist,125,2.0,2810.4399999999996,2,4,5,6,0,0.0,0.0,0.33999999999999997,1.0,high
CUST01718,Mixed Watchlist,133,3.0,1495.2,2,5,4,4,2,0.0,0.0,0.3,3.0,high
CUST01719,Mixed Watchlist,148,1.0,472.14,1,3,2,4,0,0.0,0.0,0.21,1.0,high
CUST01720,Champions,13,3.0,1236.77,5,5,4,9,4,1.0,0.0,0.4633333333333334,3.0,medium
CUST01721,Mixed Watchlist,38,1.0,617.29,4,3,2,5,0,0.0,0.0,0.26,1.0,medium
CUST01722,Mixed Watchlist,59,1.0,359.06,3,3,1,1,0,0.0,0.0,0.14,1.0,high
CUST01723,Champions,16,3.0,2534.09,5,5,5,4,0,1.0,0.0,0.2733333333333334,2.0,medium
CUST01724,Champions,39,2.0,1680.71,4,4,4,12,0,0.0,0.0,0.31,2.0,medium
CUST01725,Growth Potential,44,1.0,632.03,4,3,2,8,0,1.0,0.0,0.24,1.0,medium
CUST01726,Loyal Core,23,1.0,1507.03,4,3,4,17,2,0.0,0.0,0.1,1.0,low
CUST01727,Loyal Core,1,2.0,845.5799999999999,5,4,3,13,0,0.0,0.0,0.32,2.0,low
CUST01728,Champions,10,2.0,1236.25,5,4,4,5,1,0.0,0.0,0.155,1.0,low
CUST01729,Loyal Core,8,2.0,2079.31,5,4,5,11,1,2.0,0.5,0.33999999999999997,1.0,medium
CUST01730,Discount-Sensitive,120,2.0,788.6999999999999,2,4,3,7,3,0.0,0.0,0.54,2.0,high
CUST01731,Discount-Sensitive,102,1.0,531.75,2,3,2,1,2,0.0,0.0,0.36,1.0,high
CUST01732,Champions,9,4.0,4533.96,5,5,5,4,0,1.0,0.0,0.28,2.0,medium
CUST01733,Service Recovery,92,3.0,2167.49,2,5,5,2,0,0.0,0.6666666666666666,0.15,3.0,high
CUST01734,Dormant At-Risk,160,1.0,1515.59,1,3,4,2,0,0.0,0.0,0.22,1.0,high
CUST01735,Service Recovery,61,2.0,1287.08,3,4,4,6,1,0.0,0.5,0.215,2.0,medium
CUST01736,Loyal Core,13,4.0,2197.62,5,5,5,8,1,2.0,0.25,0.325,4.0,medium
CUST01737,Growth Potential,26,1.0,512.92,4,3,2,9,0,0.0,0.0,0.31,1.0,low
CUST01738,Champions,39,4.0,2851.85,4,5,5,7,3,0.0,0.0,0.3225,3.0,medium
CUST01739,Mixed Watchlist,75,1.0,349.72,3,3,1,5,0,0.0,0.0,0.45,1.0,medium
CUST01740,Loyal Core,22,1.0,717.61,4,3,3,1,0,0.0,0.0,0.32,1.0,high
CUST01741,Champions,29,3.0,1450.22,4,5,4,2,0,0.0,0.0,0.3933333333333333,3.0,low
CUST01742,Mixed Watchlist,130,2.0,890.8,2,4,3,13,3,0.0,0.0,0.27,2.0,high
CUST01743,Service Recovery,90,2.0,1117.05,2,4,3,6,0,1.0,0.0,0.245,2.0,high
CUST01744,Mixed Watchlist,111,1.0,1021.08,2,3,3,3,0,0.0,0.0,0.37,1.0,high
CUST01745,Mixed Watchlist,204,0.0,0.0,1,1,1,6,2,0.0,0.0,0.0,0.0,high
CUST01746,Dormant At-Risk,239,0.0,0.0,1,1,1,1,2,0.0,0.0,0.0,0.0,high
CUST01747,Loyal Core,24,1.0,1498.03,4,3,4,7,1,0.0,0.0,0.3,1.0,low
CUST01748,Growth Potential,36,1.0,150.03,4,3,1,4,3,0.0,0.0,0.58,1.0,medium
CUST01749,Dormant At-Risk,190,0.0,0.0,1,1,1,0,0,0.0,0.0,0.0,0.0,high
CUST01750,Mixed Watchlist,137,1.0,556.93,2,3,2,4,0,0.0,0.0,0.42,1.0,high
CUST01751,Mixed Watchlist,61,1.0,332.52,3,3,1,3,0,0.0,0.0,0.37,1.0,medium
CUST01752,Dormant At-Risk,171,1.0,516.34,1,3,2,2,0,0.0,0.0,0.3,1.0,high
CUST01753,Loyal Core,43,2.0,912.8100000000001,4,4,3,4,0,0.0,0.0,0.21000000000000002,1.0,medium
CUST01754,Loyal Core,13,2.0,806.9000000000001,5,4,3,4,1,0.0,0.0,0.25,1.0,low
CUST01755,Mixed Watchlist,152,1.0,738.44,1,3,3,3,0,0.0,0.0,0.09,1.0,high
CUST01756,Mixed Watchlist,90,2.0,1557.58,2,4,4,12,2,0.0,0.0,0.215,2.0,high
CUST01757,Dormant At-Risk,167,2.0,1856.03,1,4,4,1,0,0.0,0.0,0.115,2.0,high
CUST01758,Mixed Watchlist,78,1.0,411.88,3,3,2,2,1,0.0,0.0,0.33,1.0,high
CUST01759,Mixed Watchlist,89,2.0,1973.57,2,4,5,3,0,0.0,0.0,0.38,2.0,high
CUST01760,Mixed Watchlist,69,3.0,2991.54,3,5,5,2,0,0.0,0.0,0.11666666666666665,3.0,medium
CUST01761,Dormant At-Risk,89,4.0,3303.61,2,5,5,2,1,0.0,0.0,0.2975,3.0,high
CUST01762,Mixed Watchlist,66,1.0,2131.17,3,3,5,1,0,0.0,0.0,0.25,1.0,high
CUST01763,Loyal Core,8,1.0,705.53,5,3,3,3,0,1.0,1.0,0.0,1.0,medium
CUST01764,Champions,45,3.0,1471.8400000000001,4,5,4,5,0,1.0,0.0,0.33666666666666667,3.0,medium
CUST01765,Dormant At-Risk,265,0.0,0.0,1,1,1,0,1,0.0,0.0,0.0,0.0,high
CUST01766,Mixed Watchlist,163,1.0,561.64,1,3,2,4,0,0.0,0.0,0.22,1.0,high
CUST01767,Mixed Watchlist,145,1.0,488.2,2,3,2,5,0,0.0,0.0,0.32,1.0,high
CUST01768,Mixed Watchlist,101,2.0,1316.76,2,4,4,10,3,0.0,0.0,0.145,1.0,high
CUST01769,Mixed Watchlist,55,2.0,3149.49,3,4,5,10,3,0.0,0.0,0.13,2.0,medium
CUST01770,Service Recovery,58,3.0,1327.79,3,5,4,2,0,2.0,0.3333333333333333,0.24,2.0,medium
CUST01771,Mixed Watchlist,58,2.0,1481.0700000000002,3,4,4,14,1,0.0,0.0,0.165,2.0,medium
CUST01772,Dormant At-Risk,254,0.0,0.0,1,1,1,0,0,0.0,0.0,0.0,0.0,high
CUST01773,Mixed Watchlist,196,0.0,0.0,1,1,1,5,2,0.0,0.0,0.0,0.0,high
CUST01774,Dormant At-Risk,152,3.0,2110.4300000000003,1,5,5,0,2,0.0,0.3333333333333333,0.2966666666666667,2.0,high
CUST01775,Service Recovery,49,2.0,1120.32,3,4,3,6,0,1.0,0.0,0.045,2.0,medium
CUST01776,Discount-Sensitive,79,1.0,962.07,3,3,3,4,2,0.0,0.0,0.4,1.0,high
CUST01777,Mixed Watchlist,167,2.0,1872.12,1,4,4,6,1,0.0,0.0,0.19,2.0,high
CUST01778,Mixed Watchlist,87,1.0,512.32,2,3,2,6,0,0.0,0.0,0.24,1.0,high
CUST01779,Mixed Watchlist,167,1.0,1574.84,1,3,4,3,2,0.0,0.0,0.21,1.0,high
CUST01780,Loyal Core,5,1.0,2015.96,5,3,5,8,0,1.0,0.0,0.29,1.0,medium
CUST01781,Mixed Watchlist,241,0.0,0.0,1,1,1,3,2,0.0,0.0,0.0,0.0,high
CUST01782,Dormant At-Risk,137,1.0,402.31,2,3,2,1,0,0.0,0.0,0.45,1.0,high
CUST01783,Loyal Core,21,2.0,1070.9,4,4,3,1,0,0.0,0.0,0.18,2.0,low
CUST01784,Mixed Watchlist,67,2.0,1646.49,3,4,4,12,0,0.0,0.0,0.095,2.0,medium
CUST01785,Loyal Core,14,1.0,982.58,5,3,3,1,0,0.0,0.0,0.46,1.0,high
CUST01786,Loyal Core,23,5.0,2801.17,4,5,5,2,0,0.0,0.2,0.172,4.0,low
CUST01787,Mixed Watchlist,75,1.0,1770.53,3,3,4,6,1,0.0,0.0,0.19,1.0,medium
CUST01788,Service Recovery,54,3.0,2627.07,3,5,5,4,0,1.0,0.3333333333333333,0.35000000000000003,2.0,medium
CUST01789,Mixed Watchlist,52,1.0,341.52,3,3,1,6,0,0.0,0.0,0.36,1.0,medium
CUST01790,Champions,40,3.0,1750.7,4,5,4,1,0,0.0,0.0,0.35666666666666663,2.0,medium
CUST01791,Mixed Watchlist,82,1.0,287.89,3,3,1,5,0,0.0,0.0,0.4,1.0,high
CUST01792,Loyal Core,36,1.0,821.29,4,3,3,12,1,0.0,0.0,0.18,1.0,medium
CUST01793,Discount-Sensitive,48,1.0,1476.12,3,3,4,3,1,1.0,0.0,0.41,1.0,medium
CUST01794,Champions,26,2.0,1843.9,4,4,4,8,1,0.0,0.0,0.44,2.0,low
CUST01795,Service Recovery,89,1.0,1266.99,2,3,4,7,1,1.0,0.0,0.17,1.0,high
CUST01796,Mixed Watchlist,33,1.0,500.81,4,3,2,4,0,0.0,0.0,0.26,1.0,low
CUST01797,Service Recovery,117,1.0,1593.85,2,3,4,6,0,0.0,1.0,0.0,1.0,high
CUST01798,Mixed Watchlist,103,1.0,1100.62,2,3,3,5,0,0.0,0.0,0.15,1.0,high
CUST01799,Service Recovery,74,1.0,659.32,3,3,2,0,0,1.0,0.0,0.15,1.0,high
CUST01800,Mixed Watchlist,122,1.0,507.22,2,3,2,5,1,0.0,0.0,0.14,1.0,high
CUST01801,Growth Potential,24,1.0,371.61,4,3,1,10,1,1.0,0.0,0.45,1.0,medium
CUST01802,Mixed Watchlist,139,2.0,1118.6599999999999,2,4,3,3,0,0.0,0.0,0.23500000000000001,2.0,high
CUST01803,Dormant At-Risk,104,2.0,1100.8600000000001,2,4,3,1,0,0.0,0.0,0.38,2.0,high
CUST01804,Mixed Watchlist,177,1.0,578.62,1,3,2,4,0,0.0,0.0,0.39,1.0,high
CUST01805,Growth Potential,37,1.0,433.16,4,3,2,0,1,0.0,0.0,0.3,1.0,high
CUST01806,Discount-Sensitive,50,1.0,411.72,3,3,2,8,2,0.0,0.0,0.43,1.0,medium
CUST01807,Service Recovery,74,2.0,1672.74,3,4,4,3,1,0.0,0.5,0.28,2.0,medium
CUST01808,Mixed Watchlist,17,1.0,234.39,5,3,1,5,0,0.0,0.0,0.44,1.0,low
CUST01809,Loyal Core,45,2.0,2554.61,4,4,5,2,1,0.0,0.5,0.17500000000000002,2.0,medium
CUST01810,Growth Potential,28,1.0,381.71,4,3,2,8,2,0.0,0.0,0.24,1.0,low
CUST01811,Mixed Watchlist,69,4.0,3016.58,3,5,5,7,2,1.0,0.0,0.31,3.0,medium
CUST01812,Champions,25,3.0,2134.42,4,5,5,16,0,0.0,0.0,0.21,3.0,low
CUST01813,Loyal Core,22,3.0,2171.56,4,5,5,5,3,1.0,0.3333333333333333,0.4266666666666667,3.0,medium
CUST01814,Service Recovery,43,1.0,579.84,4,3,2,6,0,1.0,0.0,0.24,1.0,medium
CUST01815,Loyal Core,4,1.0,762.94,5,3,3,4,0,0.0,0.0,0.27,1.0,low
CUST01816,Dormant At-Risk,189,0.0,0.0,1,1,1,2,0,0.0,0.0,0.0,0.0,high
CUST01817,Mixed Watchlist,147,1.0,429.19,2,3,2,6,0,0.0,0.0,0.29,1.0,high
CUST01818,Dormant At-Risk,168,1.0,403.61,1,3,2,1,0,0.0,0.0,0.26,1.0,high
CUST01819,Service Recovery,82,2.0,1750.5700000000002,3,4,4,2,0,1.0,0.5,0.145,2.0,high
CUST01820,Champions,6,3.0,2242.0,5,5,5,7,0,0.0,0.0,0.3666666666666667,2.0,low
CUST01821,Champions,41,3.0,2654.29,4,5,5,2,0,0.0,0.0,0.18999999999999997,3.0,medium
CUST01822,Mixed Watchlist,50,2.0,2116.75,3,4,5,1,0,1.0,0.0,0.255,2.0,medium
CUST01823,Loyal Core,32,1.0,1142.69,4,3,3,6,0,0.0,0.0,0.27,1.0,low
CUST01824,Mixed Watchlist,201,0.0,0.0,1,1,1,4,1,0.0,0.0,0.0,0.0,high
CUST01825,Growth Potential,16,1.0,561.93,5,3,2,14,1,1.0,0.0,0.35,1.0,medium
CUST01826,Mixed Watchlist,57,3.0,1929.3,3,5,5,0,0,0.0,0.0,0.29,3.0,medium
CUST01827,Champions,5,2.0,1217.56,5,4,4,8,0,0.0,0.0,0.215,2.0,low
CUST01828,Mixed Watchlist,122,3.0,1876.83,2,5,4,5,3,0.0,0.0,0.2866666666666667,3.0,high
CUST01829,Mixed Watchlist,101,3.0,2668.19,2,5,5,4,0,0.0,0.0,0.22,2.0,high
CUST01830,Service Recovery,27,1.0,258.18,4,3,1,2,0,1.0,0.0,0.43,1.0,medium
CUST01831,Growth Potential,11,1.0,448.22,5,3,2,13,0,1.0,0.0,0.21,1.0,medium
CUST01832,Mixed Watchlist,95,3.0,2313.58,2,5,5,3,0,0.0,0.0,0.27999999999999997,2.0,high
CUST01833,Champions,27,4.0,2563.66,4,5,5,1,3,0.0,0.0,0.2425,2.0,low
CUST01834,Loyal Core,2,1.0,715.74,5,3,3,5,2,0.0,0.0,0.39,1.0,low
CUST01835,Mixed Watchlist,132,1.0,710.25,2,3,3,15,2,0.0,0.0,0.28,1.0,high
CUST01836,Mixed Watchlist,125,2.0,1392.01,2,4,4,12,1,0.0,0.0,0.33999999999999997,2.0,high
CUST01837,Mixed Watchlist,76,1.0,441.28,3,3,2,5,0,0.0,0.0,0.47,1.0,high
CUST01838,Mixed Watchlist,64,2.0,775.96,3,4,3,7,0,0.0,0.0,0.28500000000000003,2.0,medium
CUST01839,Champions,0,3.0,1378.5,5,5,4,15,3,0.0,0.0,0.3766666666666667,3.0,low
CUST01840,Mixed Watchlist,101,1.0,333.12,2,3,1,5,0,0.0,0.0,0.45,1.0,high
CUST01841,Champions,14,4.0,2919.05,5,5,5,17,0,0.0,0.0,0.2575,4.0,low
CUST01842,Dormant At-Risk,161,1.0,1332.91,1,3,4,0,1,0.0,0.0,0.32,1.0,high
CUST01843,Loyal Core,25,1.0,2211.51,4,3,5,8,0,0.0,0.0,0.0,1.0,low
CUST01844,Mixed Watchlist,125,2.0,1933.86,2,4,5,8,0,0.0,0.0,0.20500000000000002,2.0,high
CUST01845,Mixed Watchlist,164,1.0,545.67,1,3,2,3,0,0.0,0.0,0.33,1.0,high
CUST01846,Mixed Watchlist,76,1.0,537.7,3,3,2,5,0,0.0,0.0,0.29,1.0,high
CUST01847,Loyal Core,16,1.0,1293.93,5,3,4,2,0,0.0,0.0,0.15,1.0,low
CUST01848,Champions,1,2.0,2164.85,5,4,5,10,0,0.0,0.0,0.28500000000000003,2.0,low
CUST01849,Mixed Watchlist,34,1.0,385.85,4,3,2,3,0,0.0,0.0,0.36,1.0,low
CUST01850,Mixed Watchlist,28,1.0,510.71,4,3,2,5,0,0.0,0.0,0.21,1.0,low
CUST01851,Dormant At-Risk,355,0.0,0.0,1,1,1,2,1,0.0,0.0,0.0,0.0,high
CUST01852,Service Recovery,48,1.0,572.93,3,3,2,2,3,1.0,0.0,0.18,1.0,medium
CUST01853,Dormant At-Risk,153,1.0,430.99,1,3,2,0,0,0.0,0.0,0.63,1.0,high
CUST01854,Mixed Watchlist,150,2.0,1301.87,1,4,4,5,0,0.0,0.0,0.42000000000000004,2.0,high
CUST01855,Service Recovery,72,2.0,2034.5300000000002,3,4,5,11,2,1.0,0.0,0.295,2.0,medium
CUST01856,Dormant At-Risk,211,0.0,0.0,1,1,1,0,0,0.0,0.0,0.0,0.0,high
CUST01857,Mixed Watchlist,74,1.0,257.75,3,3,1,1,0,0.0,0.0,0.57,1.0,high
CUST01858,Growth Potential,20,1.0,522.62,5,3,2,9,1,1.0,0.0,0.2,1.0,medium
CUST01859,Champions,15,2.0,1262.4,5,4,4,12,5,0.0,0.0,0.22499999999999998,2.0,low
CUST01860,Loyal Core,1,2.0,914.9300000000001,5,4,3,9,0,2.0,0.5,0.135,2.0,medium
CUST01861,Champions,1,2.0,2185.49,5,4,5,4,2,0.0,0.0,0.33,2.0,low
CUST01862,Champions,9,3.0,3486.8,5,5,5,4,1,0.0,0.0,0.06,2.0,low
CUST01863,Mixed Watchlist,188,0.0,0.0,1,1,1,4,0,0.0,0.0,0.0,0.0,high
CUST01864,Mixed Watchlist,221,0.0,0.0,1,1,1,3,0,0.0,0.0,0.0,0.0,high
CUST01865,Mixed Watchlist,60,2.0,1418.31,3,4,4,4,1,1.0,0.0,0.175,2.0,medium
CUST01866,Service Recovery,70,1.0,510.52,3,3,2,16,0,1.0,0.0,0.27,1.0,medium
CUST01867,Mixed Watchlist,11,1.0,663.94,5,3,2,2,0,0.0,0.0,0.19,1.0,low
CUST01868,Mixed Watchlist,80,2.0,1267.91,3,4,4,4,1,0.0,0.0,0.26,2.0,high
CUST01869,Mixed Watchlist,52,3.0,1551.23,3,5,4,13,0,0.0,0.0,0.5,2.0,medium
CUST01870,Mixed Watchlist,91,2.0,1401.02,2,4,4,9,1,0.0,0.0,0.3,1.0,high
CUST01871,Dormant At-Risk,100,1.0,1448.69,2,3,4,1,0,0.0,0.0,0.06,1.0,high
CUST01872,Loyal Core,41,1.0,817.34,4,3,3,4,0,1.0,0.0,0.05,1.0,medium
CUST01873,Champions,9,2.0,1277.58,5,4,4,5,1,0.0,0.0,0.255,1.0,low
CUST01874,Mixed Watchlist,31,1.0,663.19,4,3,2,1,0,0.0,0.0,0.11,1.0,high
CUST01875,Mixed Watchlist,74,1.0,296.55,3,3,1,0,0,0.0,0.0,0.36,1.0,high
CUST01876,Dormant At-Risk,143,1.0,1038.71,2,3,3,1,0,0.0,0.0,0.2,1.0,high
CUST01877,Loyal Core,45,2.0,2170.9700000000003,4,4,5,1,0,1.0,0.5,0.385,2.0,medium
CUST01878,Mixed Watchlist,22,1.0,314.15,4,3,1,4,0,0.0,0.0,0.55,1.0,low
CUST01879,Loyal Core,24,1.0,709.74,4,3,3,5,2,1.0,1.0,0.14,1.0,medium
CUST01880,Mixed Watchlist,231,0.0,0.0,1,1,1,3,0,0.0,0.0,0.0,0.0,high
CUST01881,Loyal Core,8,2.0,1058.59,5,4,3,0,0,1.0,0.0,0.23500000000000001,2.0,medium
CUST01882,Dormant At-Risk,219,0.0,0.0,1,1,1,0,0,0.0,0.0,0.0,0.0,high
CUST01883,Loyal Core,5,2.0,1461.71,5,4,4,2,0,1.0,0.5,0.3,2.0,medium
CUST01884,Dormant At-Risk,234,0.0,0.0,1,1,1,2,0,0.0,0.0,0.0,0.0,high
CUST01885,Champions,6,3.0,2419.99,5,5,5,9,2,0.0,0.0,0.37333333333333335,3.0,low
CUST01886,Mixed Watchlist,78,1.0,309.36,3,3,1,6,0,0.0,0.0,0.15,1.0,high
CUST01887,Discount-Sensitive,126,2.0,358.26,2,4,1,1,1,0.0,0.0,0.565,2.0,high
CUST01888,Growth Potential,27,3.0,626.1,4,5,2,3,1,0.0,0.0,0.48666666666666664,2.0,low
CUST01889,Mixed Watchlist,71,2.0,1553.42,3,4,4,5,0,0.0,0.0,0.315,1.0,medium
CUST01890,Dormant At-Risk,226,0.0,0.0,1,1,1,1,3,0.0,0.0,0.0,0.0,high
CUST01891,Dormant At-Risk,217,0.0,0.0,1,1,1,0,0,0.0,0.0,0.0,0.0,high
CUST01892,Growth Potential,39,1.0,547.55,4,3,2,5,1,0.0,0.0,0.43,1.0,medium
CUST01893,Mixed Watchlist,50,1.0,1501.3,3,3,4,2,1,0.0,0.0,0.31,1.0,medium
CUST01894,Dormant At-Risk,195,0.0,0.0,1,1,1,2,2,0.0,0.0,0.0,0.0,high
CUST01895,Mixed Watchlist,329,0.0,0.0,1,1,1,7,3,0.0,0.0,0.0,0.0,high
CUST01896,Discount-Sensitive,70,1.0,177.86,3,3,1,10,2,0.0,0.0,0.53,1.0,medium
CUST01897,Champions,28,2.0,1482.8200000000002,4,4,4,7,0,0.0,0.0,0.16999999999999998,2.0,low
CUST01898,Dormant At-Risk,218,0.0,0.0,1,1,1,1,0,0.0,0.0,0.0,0.0,high
CUST01899,Service Recovery,53,2.0,1576.16,3,4,4,2,0,1.0,0.0,0.435,1.0,medium
CUST01900,Mixed Watchlist,75,3.0,1920.7400000000002,3,5,5,9,2,0.0,0.0,0.24666666666666667,2.0,medium
CUST01901,Mixed Watchlist,163,1.0,736.42,1,3,3,6,2,0.0,0.0,0.07,1.0,high
CUST01902,Mixed Watchlist,53,2.0,549.9300000000001,3,4,2,1,0,0.0,0.0,0.48,2.0,medium
CUST01903,Champions,20,2.0,1434.04,5,4,4,8,0,0.0,0.0,0.235,2.0,low
CUST01904,Loyal Core,39,3.0,2969.4300000000003,4,5,5,4,0,1.0,0.3333333333333333,0.2733333333333334,3.0,medium
CUST01905,Champions,2,3.0,2083.6400000000003,5,5,5,6,3,1.0,0.0,0.15333333333333335,2.0,medium
CUST01906,Mixed Watchlist,81,1.0,555.37,3,3,2,3,0,0.0,0.0,0.5,1.0,high
CUST01907,Champions,32,2.0,1249.44,4,4,4,3,1,0.0,0.0,0.155,1.0,low
CUST01908,Dormant At-Risk,216,0.0,0.0,1,1,1,1,0,0.0,0.0,0.0,0.0,high
CUST01909,Loyal Core,37,1.0,825.7,4,3,3,13,0,0.0,0.0,0.07,1.0,medium
CUST01910,Dormant At-Risk,130,1.0,554.5,2,3,2,1,0,0.0,0.0,0.28,1.0,high
CUST01911,Champions,40,3.0,2463.55,4,5,5,4,0,1.0,0.0,0.17,3.0,medium
CUST01912,Loyal Core,43,2.0,1106.5,4,4,3,13,0,0.0,0.0,0.345,2.0,medium
CUST01913,Mixed Watchlist,78,1.0,422.52,3,3,2,2,0,0.0,0.0,0.44,1.0,high
CUST01914,Mixed Watchlist,83,2.0,2531.95,3,4,5,7,0,0.0,0.0,0.31000000000000005,2.0,high
CUST01915,Dormant At-Risk,273,0.0,0.0,1,1,1,1,0,0.0,0.0,0.0,0.0,high
CUST01916,Loyal Core,10,2.0,934.02,5,4,3,3,1,0.0,0.0,0.29000000000000004,1.0,low
CUST01917,Dormant At-Risk,196,0.0,0.0,1,1,1,2,0,0.0,0.0,0.0,0.0,high
CUST01918,Dormant At-Risk,170,1.0,1508.27,1,3,4,1,1,0.0,0.0,0.22,1.0,high
CUST01919,Growth Potential,40,1.0,328.12,4,3,1,10,0,0.0,0.0,0.55,1.0,medium
CUST01920,Dormant At-Risk,215,0.0,0.0,1,1,1,1,0,0.0,0.0,0.0,0.0,high
CUST01921,Mixed Watchlist,75,1.0,1096.7,3,3,3,9,0,0.0,0.0,0.13,1.0,medium
CUST01922,Loyal Core,30,1.0,1747.45,4,3,4,10,1,0.0,0.0,0.15,1.0,low
CUST01923,Mixed Watchlist,146,1.0,493.47,2,3,2,9,2,0.0,0.0,0.27,1.0,high
CUST01924,Mixed Watchlist,61,1.0,371.86,3,3,1,13,0,0.0,0.0,0.25,1.0,medium
CUST01925,Growth Potential,12,1.0,448.97,5,3,2,12,2,0.0,0.0,0.34,1.0,low
CUST01926,Mixed Watchlist,130,1.0,449.37,2,3,2,5,0,0.0,0.0,0.32,1.0,high
CUST01927,Dormant At-Risk,163,1.0,1254.25,1,3,4,1,1,0.0,0.0,0.37,1.0,high
CUST01928,Growth Potential,6,1.0,462.37,5,3,2,14,3,0.0,0.0,0.25,1.0,low
CUST01929,Mixed Watchlist,163,1.0,412.99,1,3,2,5,0,0.0,0.0,0.24,1.0,high
CUST01930,Loyal Core,19,2.0,1131.9099999999999,5,4,3,2,0,0.0,0.0,0.21,2.0,low
CUST01931,Loyal Core,10,2.0,975.78,5,4,3,11,0,0.0,0.0,0.32,2.0,low
CUST01932,Loyal Core,12,1.0,1359.13,5,3,4,11,2,0.0,0.0,0.33,1.0,low
CUST01933,Growth Potential,39,1.0,457.58,4,3,2,6,2,0.0,0.0,0.1,1.0,medium
CUST01934,Growth Potential,33,1.0,585.58,4,3,2,8,0,0.0,0.0,0.28,1.0,low
CUST01935,Mixed Watchlist,52,1.0,308.98,3,3,1,8,1,0.0,0.0,0.33,1.0,medium
CUST01936,Growth Potential,34,1.0,300.34,4,3,1,8,2,0.0,0.0,0.3,1.0,low
CUST01937,Mixed Watchlist,120,1.0,383.33,2,3,2,3,0,0.0,0.0,0.19,1.0,high
CUST01938,Loyal Core,45,3.0,1299.72,4,5,4,4,0,0.0,0.3333333333333333,0.25,3.0,medium
CUST01939,Champions,34,4.0,3249.84,4,5,5,13,0,0.0,0.0,0.1975,2.0,low
CUST01940,Champions,8,2.0,1355.74,5,4,4,12,1,0.0,0.0,0.175,2.0,low
CUST01941,Service Recovery,47,4.0,2815.2000000000003,3,5,5,11,0,1.0,0.25,0.2775,3.0,medium
CUST01942,Mixed Watchlist,249,0.0,0.0,1,1,1,4,2,0.0,0.0,0.0,0.0,high
CUST01943,Mixed Watchlist,52,3.0,3506.41,3,5,5,10,0,0.0,0.0,0.18333333333333335,3.0,medium
CUST01944,Mixed Watchlist,13,1.0,451.76,5,3,2,6,0,0.0,0.0,0.12,1.0,low
CUST01945,Dormant At-Risk,118,1.0,554.68,2,3,2,0,0,0.0,0.0,0.29,1.0,high
CUST01946,Mixed Watchlist,118,1.0,590.95,2,3,2,4,2,0.0,0.0,0.02,1.0,high
CUST01947,Mixed Watchlist,123,2.0,806.74,2,4,3,6,1,0.0,0.0,0.255,2.0,high
CUST01948,Mixed Watchlist,170,1.0,802.25,1,3,3,3,0,0.0,0.0,0.43,1.0,high
CUST01949,Mixed Watchlist,136,1.0,1097.78,2,3,3,9,0,0.0,0.0,0.23,1.0,high
CUST01950,Dormant At-Risk,136,1.0,670.55,2,3,2,2,0,0.0,0.0,0.34,1.0,high
CUST01951,Dormant At-Risk,125,1.0,599.47,2,3,2,2,0,0.0,0.0,0.36,1.0,high
CUST01952,Mixed Watchlist,313,0.0,0.0,1,1,1,3,0,0.0,0.0,0.0,0.0,high
CUST01953,Dormant At-Risk,176,1.0,886.28,1,3,3,0,0,0.0,0.0,0.34,1.0,high
CUST01954,Mixed Watchlist,50,2.0,1200.01,3,4,4,2,0,0.0,0.0,0.29000000000000004,2.0,medium
CUST01955,Champions,25,4.0,1750.78,4,5,4,11,4,1.0,0.0,0.365,4.0,medium
CUST01956,Mixed Watchlist,78,1.0,301.98,3,3,1,5,1,0.0,0.0,0.28,1.0,high
CUST01957,Mixed Watchlist,210,0.0,0.0,1,1,1,3,0,0.0,0.0,0.0,0.0,high
CUST01958,Mixed Watchlist,113,1.0,436.01,2,3,2,5,0,0.0,0.0,0.49,1.0,high
CUST01959,Mixed Watchlist,9,1.0,676.52,5,3,2,4,0,0.0,0.0,0.24,1.0,low
CUST01960,Loyal Core,25,1.0,1173.93,4,3,3,4,0,0.0,0.0,0.13,1.0,low
CUST01961,Mixed Watchlist,79,1.0,1265.7,3,3,4,1,1,0.0,0.0,0.25,1.0,high
CUST01962,Dormant At-Risk,142,2.0,1458.09,2,4,4,2,0,0.0,0.0,0.21,2.0,high
CUST01963,Mixed Watchlist,113,1.0,827.54,2,3,3,6,0,0.0,0.0,0.23,1.0,high
CUST01964,Loyal Core,15,1.0,848.15,5,3,3,4,0,0.0,0.0,0.43,1.0,low
CUST01965,Mixed Watchlist,196,0.0,0.0,1,1,1,3,1,0.0,0.0,0.0,0.0,high
CUST01966,Mixed Watchlist,49,1.0,990.76,3,3,3,9,0,0.0,0.0,0.23,1.0,medium
CUST01967,Loyal Core,28,2.0,874.98,4,4,3,12,0,1.0,0.0,0.19,2.0,medium
CUST01968,Service Recovery,59,1.0,1323.58,3,3,4,2,1,1.0,1.0,0.19,1.0,medium
CUST01969,Mixed Watchlist,80,2.0,1641.0,3,4,4,3,0,1.0,0.0,0.27,2.0,high
CUST01970,Mixed Watchlist,84,2.0,1351.58,3,4,4,14,2,0.0,0.0,0.12,1.0,high
CUST01971,Loyal Core,10,2.0,2559.3999999999996,5,4,5,12,1,1.0,0.5,0.28500000000000003,2.0,medium
CUST01972,Loyal Core,4,5.0,2355.5,5,5,5,15,0,0.0,0.2,0.282,3.0,low
CUST01973,Mixed Watchlist,89,1.0,1195.4,2,3,4,18,2,0.0,0.0,0.17,1.0,high
CUST01974,Mixed Watchlist,54,1.0,535.27,3,3,2,9,0,1.0,0.0,0.25,1.0,medium
CUST01975,Mixed Watchlist,57,1.0,970.02,3,3,3,9,0,0.0,0.0,0.31,1.0,medium
CUST01976,Service Recovery,100,4.0,3483.16,2,5,5,15,1,1.0,0.25,0.1525,3.0,high
CUST01977,Service Recovery,68,2.0,1844.12,3,4,4,8,0,1.0,0.0,0.28,2.0,medium
CUST01978,Dormant At-Risk,156,1.0,549.68,1,3,2,2,1,0.0,0.0,0.39,1.0,high
CUST01979,Mixed Watchlist,61,1.0,669.46,3,3,2,13,0,0.0,0.0,0.29,1.0,medium
CUST01980,Champions,1,2.0,1535.81,5,4,4,10,2,0.0,0.0,0.24,2.0,low
CUST01981,Discount-Sensitive,84,1.0,1480.4,3,3,4,13,2,0.0,0.0,0.48,1.0,high
CUST01982,Champions,36,2.0,1678.1,4,4,4,5,0,1.0,0.0,0.235,2.0,medium
CUST01983,Mixed Watchlist,67,1.0,247.47,3,3,1,13,1,0.0,0.0,0.25,1.0,medium
CUST01984,Loyal Core,21,6.0,3972.7,4,5,5,8,2,2.0,0.0,0.36000000000000004,4.0,medium
CUST01985,Mixed Watchlist,75,1.0,1983.49,3,3,5,12,0,0.0,0.0,0.07,1.0,medium
CUST01986,Loyal Core,5,3.0,2851.9700000000003,5,5,5,17,1,0.0,0.3333333333333333,0.23666666666666666,3.0,low
CUST01987,Mixed Watchlist,127,1.0,299.78,2,3,1,4,0,0.0,0.0,0.47,1.0,high
CUST01988,Mixed Watchlist,52,1.0,824.71,3,3,3,2,0,0.0,0.0,0.24,1.0,medium
CUST01989,Mixed Watchlist,70,1.0,402.97,3,3,2,0,0,0.0,0.0,0.27,1.0,high
CUST01990,Mixed Watchlist,59,4.0,3877.7699999999995,3,5,5,11,1,0.0,0.0,0.22499999999999998,3.0,medium
CUST01991,Service Recovery,65,2.0,1375.81,3,4,4,8,0,1.0,0.5,0.14,1.0,medium
CUST01992,Discount-Sensitive,50,1.0,1412.07,3,3,4,7,1,0.0,0.0,0.38,1.0,medium
CUST01993,Champions,23,4.0,2199.04,4,5,5,0,0,1.0,0.0,0.365,4.0,medium
CUST01994,Mixed Watchlist,83,1.0,716.99,3,3,3,0,0,0.0,0.0,0.25,1.0,high
CUST01995,Dormant At-Risk,144,1.0,680.4,2,3,2,2,0,0.0,0.0,0.28,1.0,high
CUST01996,Dormant At-Risk,206,0.0,0.0,1,1,1,2,1,0.0,0.0,0.0,0.0,high
CUST01997,Loyal Core,23,1.0,914.23,4,3,3,9,2,0.0,0.0,0.38,1.0,low
CUST01998,Champions,6,3.0,2894.07,5,5,5,13,0,1.0,0.0,0.13,2.0,medium
CUST01999,Mixed Watchlist,70,2.0,762.25,3,4,3,4,1,0.0,0.0,0.33999999999999997,1.0,medium
CUST02000,Mixed Watchlist,96,1.0,659.61,2,3,2,11,0,0.0,0.0,0.23,1.0,high
CUST02001,Growth Potential,5,1.0,519.52,5,3,2,12,1,0.0,0.0,0.23,1.0,low
CUST02002,Champions,27,2.0,1975.52,4,4,5,7,2,0.0,0.0,0.35,1.0,low
CUST02003,Mixed Watchlist,169,1.0,225.92,1,3,1,3,0,0.0,0.0,0.51,1.0,high
CUST02004,Loyal Core,1,1.0,1164.15,5,3,3,6,1,0.0,0.0,0.14,1.0,low
CUST02005,Growth Potential,7,2.0,660.44,5,4,2,6,2,0.0,0.0,0.235,2.0,low
CUST02006,Dormant At-Risk,99,1.0,1872.67,2,3,4,2,0,0.0,0.0,0.23,1.0,high
CUST02007,Mixed Watchlist,152,2.0,1436.8899999999999,1,4,4,5,1,0.0,0.0,0.125,2.0,high
CUST02008,Mixed Watchlist,228,0.0,0.0,1,1,1,3,0,0.0,0.0,0.0,0.0,high
CUST02009,Loyal Core,31,2.0,2246.02,4,4,5,1,0,1.0,0.5,0.32,2.0,medium
CUST02010,Mixed Watchlist,97,2.0,3814.95,2,4,5,6,3,0.0,0.0,0.185,2.0,high
CUST02011,Dormant At-Risk,130,1.0,1055.41,2,3,3,2,0,0.0,0.0,0.26,1.0,high
CUST02012,Service Recovery,4,1.0,397.31,5,3,2,7,0,1.0,0.0,0.37,1.0,medium
CUST02013,Growth Potential,19,1.0,496.68,5,3,2,7,1,0.0,0.0,0.23,1.0,low
CUST02014,Mixed Watchlist,39,1.0,585.15,4,3,2,0,0,0.0,0.0,0.33,1.0,high
CUST02015,Mixed Watchlist,212,0.0,0.0,1,1,1,4,0,0.0,0.0,0.0,0.0,high
CUST02016,Growth Potential,15,1.0,359.18,5,3,1,17,1,0.0,0.0,0.07,1.0,low
CUST02017,Discount-Sensitive,77,1.0,260.56,3,3,1,12,2,0.0,0.0,0.4,1.0,high
CUST02018,Loyal Core,46,1.0,873.21,4,3,3,17,1,1.0,0.0,0.36,1.0,medium
CUST02019,Service Recovery,55,3.0,1976.35,3,5,5,7,0,1.0,0.3333333333333333,0.17333333333333334,2.0,medium
CUST02020,Loyal Core,30,1.0,1155.61,4,3,3,8,0,0.0,0.0,0.19,1.0,low
CUST02021,Loyal Core,9,4.0,3437.71,5,5,5,12,0,1.0,0.25,0.2925,2.0,medium
CUST02022,Service Recovery,44,1.0,329.75,4,3,1,1,0,1.0,0.0,0.44,1.0,high
CUST02023,Loyal Core,44,1.0,888.97,4,3,3,7,0,0.0,0.0,0.3,1.0,medium
CUST02024,Champions,1,5.0,2985.73,5,5,5,17,3,0.0,0.0,0.186,3.0,low
CUST02025,Champions,44,3.0,2973.5,4,5,5,3,1,0.0,0.0,0.21666666666666667,2.0,medium
CUST02026,Champions,34,3.0,3035.7400000000002,4,5,5,2,1,0.0,0.0,0.26666666666666666,1.0,low
CUST02027,Champions,12,2.0,2518.34,5,4,5,7,1,0.0,0.0,0.255,2.0,low
CUST02028,Mixed Watchlist,127,1.0,701.75,2,3,3,3,0,0.0,0.0,0.07,1.0,high
CUST02029,Mixed Watchlist,80,2.0,1154.39,3,4,3,0,2,1.0,0.0,0.255,2.0,high
CUST02030,Champions,7,3.0,1750.15,5,5,4,18,2,0.0,0.0,0.3333333333333333,2.0,low
CUST02031,Dormant At-Risk,167,2.0,734.56,1,4,3,2,0,0.0,0.0,0.39,2.0,high
CUST02032,Dormant At-Risk,342,0.0,0.0,1,1,1,2,0,0.0,0.0,0.0,0.0,high
CUST02033,Mixed Watchlist,112,1.0,450.77,2,3,2,9,1,0.0,0.0,0.22,1.0,high
CUST02034,Growth Potential,13,1.0,568.26,5,3,2,9,0,0.0,0.0,0.3,1.0,low
CUST02035,Dormant At-Risk,93,3.0,2201.39,2,5,5,0,1,0.0,0.0,0.22,2.0,high
CUST02036,Champions,38,2.0,1639.42,4,4,4,6,0,0.0,0.0,0.275,2.0,medium
CUST02037,Growth Potential,1,1.0,405.47,5,3,2,3,1,1.0,1.0,0.19,1.0,medium
CUST02038,Mixed Watchlist,262,0.0,0.0,1,1,1,3,1,0.0,0.0,0.0,0.0,high
CUST02039,Dormant At-Risk,160,2.0,1167.28,1,4,3,0,0,0.0,0.0,0.38,2.0,high
CUST02040,Growth Potential,1,1.0,686.12,5,3,2,14,2,0.0,0.0,0.28,1.0,low
CUST02041,Loyal Core,15,2.0,3415.75,5,4,5,7,1,1.0,0.5,0.21000000000000002,2.0,medium
CUST02042,Discount-Sensitive,68,4.0,2102.49,3,5,5,6,1,1.0,0.0,0.35,3.0,medium
CUST02043,Growth Potential,10,1.0,429.28,5,3,2,6,1,0.0,0.0,0.42,1.0,low
CUST02044,Champions,0,2.0,2285.2200000000003,5,4,5,14,0,0.0,0.0,0.285,2.0,low
CUST02045,Discount-Sensitive,92,1.0,626.4,2,3,2,5,3,0.0,0.0,0.48,1.0,high
CUST02046,Mixed Watchlist,282,0.0,0.0,1,1,1,6,2,0.0,0.0,0.0,0.0,high
CUST02047,Mixed Watchlist,61,5.0,4826.18,3,5,5,1,0,0.0,0.0,0.22400000000000003,2.0,medium
CUST02048,Dormant At-Risk,187,0.0,0.0,1,1,1,0,0,0.0,0.0,0.0,0.0,high
CUST02049,Mixed Watchlist,81,3.0,2043.23,3,5,5,6,1,0.0,0.0,0.2333333333333333,2.0,high
CUST02050,Loyal Core,15,2.0,985.3000000000001,5,4,3,4,2,1.0,0.0,0.425,1.0,medium
CUST02051,Service Recovery,85,2.0,2426.54,3,4,5,0,0,1.0,0.0,0.18,1.0,high
CUST02052,Mixed Watchlist,55,2.0,2935.75,3,4,5,2,0,0.0,0.0,0.125,1.0,medium
CUST02053,Mixed Watchlist,61,2.0,1075.67,3,4,3,0,0,0.0,0.0,0.375,2.0,medium
CUST02054,Loyal Core,29,1.0,818.75,4,3,3,9,0,0.0,0.0,0.33,1.0,low
CUST02055,Mixed Watchlist,73,4.0,2614.46,3,5,5,1,0,0.0,0.0,0.2125,3.0,medium
CUST02056,Dormant At-Risk,195,0.0,0.0,1,1,1,2,1,0.0,0.0,0.0,0.0,high
CUST02057,Loyal Core,3,1.0,1572.37,5,3,4,10,0,0.0,0.0,0.25,1.0,low
CUST02058,Loyal Core,12,1.0,1013.35,5,3,3,0,1,0.0,0.0,0.31,1.0,high
CUST02059,Service Recovery,53,3.0,2449.99,3,5,5,2,1,1.0,0.0,0.3133333333333333,3.0,medium
CUST02060,Loyal Core,23,2.0,1331.01,4,4,4,4,0,2.0,0.5,0.235,2.0,medium
CUST02061,Mixed Watchlist,102,4.0,2511.9300000000003,2,5,5,7,1,0.0,0.0,0.1675,3.0,high
CUST02062,Dormant At-Risk,161,1.0,1113.22,1,3,3,0,0,0.0,0.0,0.24,1.0,high
CUST02063,Loyal Core,38,4.0,1973.4899999999998,4,5,5,7,1,1.0,0.25,0.28,3.0,medium
CUST02064,Service Recovery,69,3.0,2866.45,3,5,5,2,0,1.0,0.3333333333333333,0.3066666666666667,3.0,medium
CUST02065,Dormant At-Risk,172,1.0,556.57,1,3,2,1,0,0.0,0.0,0.34,1.0,high
CUST02066,Discount-Sensitive,48,1.0,656.93,3,3,2,9,2,1.0,0.0,0.39,1.0,medium
CUST02067,Service Recovery,55,3.0,5011.96,3,5,5,5,0,1.0,0.0,0.17666666666666667,2.0,medium
CUST02068,Champions,7,2.0,1629.56,5,4,4,11,4,0.0,0.0,0.28,2.0,low
CUST02069,Dormant At-Risk,315,0.0,0.0,1,1,1,2,0,0.0,0.0,0.0,0.0,high
CUST02070,Service Recovery,80,1.0,557.51,3,3,2,11,2,1.0,0.0,0.32,1.0,high
CUST02071,Loyal Core,17,1.0,887.16,5,3,3,12,0,0.0,0.0,0.5,1.0,low
CUST02072,Champions,35,7.0,4340.19,4,5,5,4,0,0.0,0.0,0.42,4.0,low
CUST02073,Mixed Watchlist,34,1.0,462.53,4,3,2,0,0,0.0,0.0,0.24,1.0,high
CUST02074,Loyal Core,36,1.0,1003.93,4,3,3,7,1,0.0,0.0,0.46,1.0,medium
CUST02075,Dormant At-Risk,271,0.0,0.0,1,1,1,0,0,0.0,0.0,0.0,0.0,high
CUST02076,Dormant At-Risk,213,0.0,0.0,1,1,1,1,1,0.0,0.0,0.0,0.0,high
CUST02077,Mixed Watchlist,78,2.0,869.81,3,4,3,3,0,0.0,0.0,0.345,2.0,high
CUST02078,Champions,29,4.0,1815.21,4,5,4,3,2,0.0,0.0,0.3375,3.0,low
CUST02079,Loyal Core,19,4.0,1749.94,5,5,4,1,0,1.0,0.25,0.365,3.0,medium
CUST02080,Dormant At-Risk,178,1.0,498.21,1,3,2,1,2,0.0,1.0,0.3,1.0,high
CUST02081,Mixed Watchlist,166,2.0,1498.69,1,4,4,3,1,0.0,0.0,0.375,2.0,high
CUST02082,Dormant At-Risk,124,1.0,701.0,2,3,3,1,0,0.0,0.0,0.28,1.0,high
CUST02083,Champions,28,2.0,1606.4,4,4,4,4,0,0.0,0.0,0.315,2.0,low
CUST02084,Dormant At-Risk,165,1.0,481.85,1,3,2,2,1,0.0,0.0,0.32,1.0,high
CUST02085,Mixed Watchlist,3,1.0,682.7,5,3,2,1,0,0.0,0.0,0.28,1.0,high
CUST02086,Champions,40,2.0,1886.35,4,4,4,8,3,0.0,0.0,0.275,2.0,medium
CUST02087,Mixed Watchlist,14,1.0,479.82,5,3,2,3,0,0.0,0.0,0.37,1.0,low
CUST02088,Champions,41,2.0,1254.96,4,4,4,1,0,1.0,0.0,0.23500000000000001,2.0,medium
CUST02089,Mixed Watchlist,20,1.0,542.75,5,3,2,1,0,0.0,0.0,0.23,1.0,high
CUST02090,Service Recovery,80,1.0,483.82,3,3,2,1,0,1.0,1.0,0.2,1.0,high
CUST02091,Loyal Core,19,1.0,872.98,5,3,3,10,1,0.0,0.0,0.43,1.0,low
CUST02092,Dormant At-Risk,174,1.0,776.3,1,3,3,2,0,0.0,0.0,0.46,1.0,high
CUST02093,Champions,11,2.0,1202.49,5,4,4,8,0,0.0,0.0,0.335,2.0,low
CUST02094,Dormant At-Risk,96,2.0,1171.49,2,4,3,1,0,0.0,0.0,0.07,2.0,high
CUST02095,Dormant At-Risk,163,1.0,812.55,1,3,3,0,1,0.0,0.0,0.27,1.0,high
CUST02096,Champions,5,2.0,1424.87,5,4,4,9,0,0.0,0.0,0.265,1.0,low
CUST02097,Mixed Watchlist,59,1.0,286.55,3,3,1,5,0,0.0,0.0,0.33,1.0,medium
CUST02098,Mixed Watchlist,223,0.0,0.0,1,1,1,8,0,0.0,0.0,0.0,0.0,high
CUST02099,Discount-Sensitive,107,1.0,1106.31,2,3,3,2,1,0.0,0.0,0.47,1.0,high
CUST02100,Growth Potential,23,1.0,407.63,4,3,2,13,0,0.0,0.0,0.23,1.0,low
CUST02101,Champions,18,5.0,3983.49,5,5,5,6,0,1.0,0.0,0.404,3.0,medium
CUST02102,Loyal Core,17,2.0,1151.43,5,4,3,19,1,0.0,0.0,0.39,2.0,low
CUST02103,Loyal Core,44,2.0,1052.31,4,4,3,0,0,1.0,0.0,0.4,2.0,medium
CUST02104,Mixed Watchlist,4,1.0,679.74,5,3,2,7,0,0.0,0.0,0.49,1.0,low
CUST02105,Loyal Core,15,4.0,2058.2,5,5,5,1,0,0.0,0.25,0.1,3.0,low
CUST02106,Loyal Core,46,2.0,1477.23,4,4,4,7,1,1.0,0.5,0.275,2.0,medium
CUST02107,Mixed Watchlist,90,2.0,1460.48,2,4,4,8,1,0.0,0.0,0.25,1.0,high
CUST02108,Loyal Core,9,3.0,2025.15,5,5,5,11,0,2.0,0.3333333333333333,0.24333333333333332,2.0,medium
CUST02109,Champions,21,2.0,2251.49,4,4,5,7,3,0.0,0.0,0.325,2.0,low
CUST02110,Champions,26,2.0,1374.8200000000002,4,4,4,1,0,0.0,0.0,0.20500000000000002,2.0,low
CUST02111,Dormant At-Risk,184,0.0,0.0,1,1,1,0,0,0.0,0.0,0.0,0.0,high
CUST02112,Dormant At-Risk,335,0.0,0.0,1,1,1,0,0,0.0,0.0,0.0,0.0,high
CUST02113,Dormant At-Risk,194,0.0,0.0,1,1,1,1,0,0.0,0.0,0.0,0.0,high
CUST02114,Mixed Watchlist,111,1.0,252.74,2,3,1,8,0,0.0,0.0,0.25,1.0,high
CUST02115,Dormant At-Risk,277,0.0,0.0,1,1,1,0,0,0.0,0.0,0.0,0.0,high
CUST02116,Dormant At-Risk,151,1.0,656.01,1,3,2,1,0,0.0,0.0,0.25,1.0,high
CUST02117,Mixed Watchlist,92,1.0,1497.9,2,3,4,6,2,0.0,0.0,0.22,1.0,high
CUST02118,Mixed Watchlist,93,1.0,1687.7,2,3,4,5,0,0.0,0.0,0.45,1.0,high
CUST02119,Champions,44,3.0,2881.38,4,5,5,8,0,1.0,0.0,0.2733333333333333,3.0,medium
CUST02120,Champions,41,4.0,2688.4300000000003,4,5,5,1,0,0.0,0.0,0.22749999999999998,3.0,medium
CUST02121,Mixed Watchlist,23,1.0,467.21,4,3,2,6,0,0.0,0.0,0.33,1.0,low
CUST02122,Dormant At-Risk,244,0.0,0.0,1,1,1,0,0,0.0,0.0,0.0,0.0,high
CUST02123,Dormant At-Risk,108,1.0,448.88,2,3,2,0,1,0.0,0.0,0.17,1.0,high
CUST02124,Loyal Core,40,2.0,995.22,4,4,3,15,4,0.0,0.0,0.435,2.0,medium
CUST02125,Discount-Sensitive,140,1.0,321.85,2,3,1,13,5,0.0,0.0,0.47,1.0,high
CUST02126,Dormant At-Risk,206,0.0,0.0,1,1,1,1,0,0.0,0.0,0.0,0.0,high
CUST02127,Mixed Watchlist,210,0.0,0.0,1,1,1,3,1,0.0,0.0,0.0,0.0,high
CUST02128,Loyal Core,41,1.0,1406.44,4,3,4,11,0,0.0,0.0,0.11,1.0,medium
CUST02129,Dormant At-Risk,90,1.0,787.79,2,3,3,2,0,0.0,0.0,0.18,1.0,high
CUST02130,Service Recovery,84,2.0,1106.1,3,4,3,4,0,1.0,0.0,0.335,2.0,high
CUST02131,Dormant At-Risk,93,3.0,1836.28,2,5,4,2,0,0.0,0.0,0.33666666666666667,2.0,high
CUST02132,Mixed Watchlist,0,1.0,585.94,5,3,2,1,0,0.0,0.0,0.53,1.0,high
CUST02133,Champions,33,4.0,3704.23,4,5,5,11,1,0.0,0.0,0.17500000000000002,3.0,low
CUST02134,Dormant At-Risk,192,0.0,0.0,1,1,1,1,0,0.0,0.0,0.0,0.0,high
CUST02135,Mixed Watchlist,66,1.0,1006.67,3,3,3,2,0,1.0,0.0,0.46,1.0,medium
CUST02136,Mixed Watchlist,84,1.0,1483.04,3,3,4,4,0,0.0,0.0,0.31,1.0,high
CUST02137,Mixed Watchlist,47,2.0,1833.4099999999999,3,4,4,5,3,0.0,0.0,0.11499999999999999,2.0,medium
CUST02138,Dormant At-Risk,194,0.0,0.0,1,1,1,2,0,0.0,0.0,0.0,0.0,high
CUST02139,Mixed Watchlist,28,1.0,440.82,4,3,2,3,0,0.0,0.0,0.45,1.0,low
CUST02140,Growth Potential,30,1.0,624.38,4,3,2,15,0,0.0,0.0,0.25,1.0,low
CUST02141,Mixed Watchlist,77,2.0,2337.84,3,4,5,16,2,0.0,0.0,0.22499999999999998,2.0,high
CUST02142,Mixed Watchlist,79,1.0,1330.95,3,3,4,1,0,0.0,0.0,0.38,1.0,high
CUST02143,Mixed Watchlist,61,1.0,1023.26,3,3,3,14,2,0.0,0.0,0.2,1.0,medium
CUST02144,Dormant At-Risk,173,1.0,1131.2,1,3,3,0,0,0.0,0.0,0.26,1.0,high
CUST02145,Dormant At-Risk,111,1.0,1591.08,2,3,4,2,0,0.0,0.0,0.19,1.0,high
CUST02146,Dormant At-Risk,118,1.0,917.63,2,3,3,0,0,0.0,0.0,0.23,1.0,high
CUST02147,Dormant At-Risk,124,1.0,365.94,2,3,1,1,0,0.0,0.0,0.43,1.0,high
CUST02148,Dormant At-Risk,173,1.0,459.5,1,3,2,1,0,0.0,0.0,0.33,1.0,high
CUST02149,Mixed Watchlist,64,2.0,3065.5299999999997,3,4,5,8,1,0.0,0.0,0.245,1.0,medium
CUST02150,Dormant At-Risk,245,0.0,0.0,1,1,1,2,2,0.0,0.0,0.0,0.0,high
CUST02151,Champions,39,2.0,2018.8799999999999,4,4,5,9,1,1.0,0.0,0.33999999999999997,2.0,medium
CUST02152,Mixed Watchlist,109,1.0,243.22,2,3,1,4,0,0.0,0.0,0.23,1.0,high
CUST02153,Service Recovery,78,2.0,775.0799999999999,3,4,3,3,0,1.0,0.0,0.41000000000000003,2.0,high
CUST02154,Mixed Watchlist,106,4.0,3939.57,2,5,5,10,2,0.0,0.0,0.1225,3.0,high
CUST02155,Mixed Watchlist,197,0.0,0.0,1,1,1,10,0,0.0,0.0,0.0,0.0,high
CUST02156,Dormant At-Risk,214,0.0,0.0,1,1,1,0,2,0.0,0.0,0.0,0.0,high
CUST02157,Discount-Sensitive,48,1.0,736.31,3,3,3,8,1,0.0,0.0,0.35,1.0,medium
CUST02158,Discount-Sensitive,101,3.0,1429.2,2,5,4,3,2,0.0,0.0,0.38000000000000006,3.0,high
CUST02159,Champions,9,3.0,1632.0,5,5,4,19,0,0.0,0.0,0.4666666666666666,2.0,low
CUST02160,Service Recovery,3,1.0,579.07,5,3,2,2,0,1.0,0.0,0.25,1.0,medium
CUST02161,Dormant At-Risk,153,1.0,470.02,1,3,2,1,0,0.0,0.0,0.46,1.0,high
CUST02162,Champions,12,6.0,3338.24,5,5,5,12,4,0.0,0.0,0.305,3.0,low
CUST02163,Service Recovery,123,2.0,1297.52,2,4,4,1,0,0.0,0.5,0.355,2.0,high
CUST02164,Mixed Watchlist,48,1.0,644.0,3,3,2,2,0,1.0,0.0,0.34,1.0,medium
CUST02165,Mixed Watchlist,39,2.0,667.69,4,4,2,3,0,0.0,0.0,0.185,1.0,medium
CUST02166,Loyal Core,20,1.0,1010.89,5,3,3,1,0,1.0,0.0,0.09,1.0,high
CUST02167,Champions,43,2.0,1243.12,4,4,4,6,0,0.0,0.0,0.35500000000000004,2.0,medium
CUST02168,Mixed Watchlist,165,1.0,1152.66,1,3,3,8,1,0.0,1.0,0.27,1.0,high
CUST02169,Mixed Watchlist,94,4.0,3065.81,2,5,5,9,1,0.0,0.0,0.1675,2.0,high
CUST02170,Service Recovery,138,2.0,1462.05,2,4,4,3,1,0.0,0.5,0.31,1.0,high
CUST02171,Dormant At-Risk,120,1.0,1067.07,2,3,3,1,1,0.0,0.0,0.21,1.0,high
CUST02172,Loyal Core,17,3.0,2030.8600000000001,5,5,5,4,0,1.0,0.3333333333333333,0.25666666666666665,2.0,medium
CUST02173,Loyal Core,0,1.0,2057.25,5,3,5,9,1,1.0,0.0,0.33,1.0,medium
CUST02174,Discount-Sensitive,139,2.0,832.17,2,4,3,12,2,0.0,0.0,0.41,1.0,high
CUST02175,Champions,31,3.0,1684.69,4,5,4,6,1,0.0,0.0,0.13,3.0,low
CUST02176,Mixed Watchlist,114,1.0,971.25,2,3,3,8,2,0.0,0.0,0.28,1.0,high
CUST02177,Dormant At-Risk,197,0.0,0.0,1,1,1,1,0,0.0,0.0,0.0,0.0,high
CUST02178,Loyal Core,36,2.0,1144.85,4,4,3,9,1,1.0,0.5,0.45,2.0,medium
CUST02179,Growth Potential,14,1.0,475.85,5,3,2,9,0,1.0,0.0,0.17,1.0,medium
CUST02180,Mixed Watchlist,122,1.0,606.51,2,3,2,7,1,0.0,0.0,0.24,1.0,high
CUST02181,Loyal Core,11,1.0,908.67,5,3,3,5,0,0.0,0.0,0.08,1.0,low
CUST02182,Service Recovery,71,2.0,1385.9899999999998,3,4,4,5,0,1.0,0.0,0.35000000000000003,2.0,medium
CUST02183,Discount-Sensitive,51,2.0,2206.5,3,4,5,2,1,0.0,0.0,0.36,2.0,medium
CUST02184,Dormant At-Risk,110,2.0,1434.1,2,4,4,2,0,0.0,0.0,0.385,2.0,high
CUST02185,Dormant At-Risk,210,0.0,0.0,1,1,1,1,1,0.0,0.0,0.0,0.0,high
CUST02186,Mixed Watchlist,122,2.0,1512.69,2,4,4,5,1,0.0,0.0,0.19999999999999998,2.0,high
CUST02187,Dormant At-Risk,217,0.0,0.0,1,1,1,1,1,0.0,0.0,0.0,0.0,high
CUST02188,Dormant At-Risk,125,1.0,491.48,2,3,2,1,0,0.0,0.0,0.44,1.0,high
CUST02189,Mixed Watchlist,87,4.0,2813.7799999999997,2,5,5,6,0,0.0,0.0,0.2625,3.0,high
CUST02190,Discount-Sensitive,101,2.0,818.8299999999999,2,4,3,2,1,0.0,0.0,0.445,2.0,high
CUST02191,Mixed Watchlist,158,1.0,445.44,1,3,2,4,0,0.0,0.0,0.19,1.0,high
CUST02192,Loyal Core,9,1.0,911.64,5,3,3,10,2,0.0,0.0,0.0,1.0,low
CUST02193,Growth Potential,18,1.0,395.16,5,3,2,10,0,0.0,0.0,0.5,1.0,low
CUST02194,Mixed Watchlist,67,2.0,4687.469999999999,3,4,5,11,0,0.0,0.0,0.18,2.0,medium
CUST02195,Mixed Watchlist,119,5.0,3072.43,2,5,5,3,1,0.0,0.0,0.296,2.0,high
CUST02196,Dormant At-Risk,175,1.0,605.92,1,3,2,0,0,0.0,0.0,0.21,1.0,high
CUST02197,Growth Potential,21,1.0,362.15,4,3,1,9,0,0.0,0.0,0.09,1.0,low
CUST02198,Mixed Watchlist,96,1.0,982.89,2,3,3,3,0,0.0,0.0,0.25,1.0,high
CUST02199,Service Recovery,96,3.0,2042.0300000000002,2,5,5,3,0,1.0,0.3333333333333333,0.19999999999999998,2.0,high
CUST02200,Loyal Core,3,3.0,1089.4,5,5,3,5,0,0.0,0.0,0.4066666666666667,3.0,low
CUST02201,Dormant At-Risk,129,1.0,533.9,2,3,2,2,0,0.0,0.0,0.14,1.0,high
CUST02202,Champions,2,3.0,1483.73,5,5,4,2,1,0.0,0.0,0.26,2.0,low
CUST02203,Discount-Sensitive,52,2.0,973.8,3,4,3,3,2,0.0,0.0,0.38,2.0,medium
CUST02204,Dormant At-Risk,175,1.0,456.72,1,3,2,1,1,0.0,0.0,0.15,1.0,high
CUST02205,Mixed Watchlist,236,0.0,0.0,1,1,1,3,0,0.0,0.0,0.0,0.0,high
CUST02206,Dormant At-Risk,278,0.0,0.0,1,1,1,0,0,0.0,0.0,0.0,0.0,high
CUST02207,Loyal Core,29,5.0,3048.95,4,5,5,2,0,1.0,0.2,0.242,3.0,medium
CUST02208,Dormant At-Risk,123,1.0,1036.04,2,3,3,0,0,0.0,0.0,0.23,1.0,high
CUST02209,Loyal Core,22,2.0,890.6800000000001,4,4,3,11,0,0.0,0.0,0.27,2.0,low
CUST02210,Dormant At-Risk,154,1.0,1211.39,1,3,4,1,0,0.0,0.0,0.15,1.0,high
CUST02211,Loyal Core,5,1.0,1286.02,5,3,4,6,2,0.0,0.0,0.44,1.0,low
CUST02212,Mixed Watchlist,52,1.0,619.75,3,3,2,2,0,0.0,0.0,0.32,1.0,medium
CUST02213,Loyal Core,43,3.0,1948.1499999999999,4,5,5,2,1,1.0,0.3333333333333333,0.26666666666666666,3.0,medium
CUST02214,Mixed Watchlist,213,0.0,0.0,1,1,1,3,1,0.0,0.0,0.0,0.0,high
CUST02215,Growth Potential,38,1.0,362.55,4,3,1,9,0,1.0,0.0,0.2,1.0,medium
CUST02216,Discount-Sensitive,90,1.0,1336.58,2,3,4,4,1,1.0,0.0,0.38,1.0,high
CUST02217,Growth Potential,42,1.0,586.15,4,3,2,12,2,0.0,0.0,0.04,1.0,medium
CUST02218,Loyal Core,26,3.0,2812.75,4,5,5,2,2,0.0,0.3333333333333333,0.22333333333333336,2.0,low
CUST02219,Growth Potential,39,1.0,484.4,4,3,2,4,1,0.0,0.0,0.11,1.0,medium
CUST02220,Mixed Watchlist,70,1.0,366.62,3,3,1,7,0,0.0,0.0,0.23,1.0,medium
CUST02221,Growth Potential,34,1.0,682.97,4,3,2,1,1,0.0,0.0,0.33,1.0,high
CUST02222,Service Recovery,92,1.0,836.55,2,3,3,7,0,1.0,1.0,0.06,1.0,high
CUST02223,Loyal Core,10,1.0,764.96,5,3,3,19,1,0.0,0.0,0.02,1.0,low
CUST02224,Dormant At-Risk,197,0.0,0.0,1,1,1,0,3,0.0,0.0,0.0,0.0,high
CUST02225,Mixed Watchlist,251,0.0,0.0,1,1,1,3,0,0.0,0.0,0.0,0.0,high
CUST02226,Service Recovery,49,4.0,1862.57,3,5,4,5,0,1.0,0.0,0.385,2.0,medium
CUST02227,Loyal Core,28,1.0,778.26,4,3,3,4,0,1.0,0.0,0.31,1.0,medium
CUST02228,Service Recovery,87,2.0,1733.8999999999999,2,4,4,4,0,1.0,0.5,0.325,2.0,high
CUST02229,Mixed Watchlist,75,2.0,1770.8200000000002,3,4,4,9,1,0.0,0.0,0.245,2.0,medium
CUST02230,Mixed Watchlist,24,1.0,388.37,4,3,2,1,0,0.0,0.0,0.14,1.0,high
CUST02231,Mixed Watchlist,68,1.0,611.42,3,3,2,10,0,0.0,0.0,0.35,1.0,medium
CUST02232,Mixed Watchlist,0,1.0,327.98,5,3,1,5,0,0.0,0.0,0.22,1.0,low
CUST02233,Mixed Watchlist,94,1.0,515.82,2,3,2,4,0,0.0,0.0,0.3,1.0,high
CUST02234,Mixed Watchlist,169,1.0,880.11,1,3,3,5,0,0.0,0.0,0.15,1.0,high
CUST02235,Mixed Watchlist,52,1.0,221.66,3,3,1,1,0,0.0,0.0,0.36,1.0,high
CUST02236,Dormant At-Risk,145,1.0,734.52,2,3,3,1,0,0.0,0.0,0.2,1.0,high
CUST02237,Loyal Core,38,2.0,841.55,4,4,3,10,2,0.0,0.0,0.27,2.0,medium
CUST02238,Service Recovery,57,6.0,3352.75,3,5,5,2,0,1.0,0.16666666666666666,0.33,3.0,medium
CUST02239,Mixed Watchlist,45,1.0,576.85,4,3,2,5,0,0.0,0.0,0.27,1.0,medium
CUST02240,Loyal Core,19,1.0,2577.76,5,3,5,6,0,0.0,0.0,0.09,1.0,low
CUST02241,Dormant At-Risk,114,4.0,3532.06,2,5,5,0,0,0.0,0.0,0.1475,3.0,high
CUST02242,Dormant At-Risk,130,1.0,404.78,2,3,2,1,0,0.0,0.0,0.37,1.0,high
CUST02243,Mixed Watchlist,133,2.0,1888.92,2,4,4,7,0,0.0,0.0,0.135,2.0,high
CUST02244,Champions,5,3.0,1772.31,5,5,4,5,1,0.0,0.0,0.24666666666666667,3.0,low
CUST02245,Discount-Sensitive,83,2.0,2156.5299999999997,3,4,5,7,1,0.0,0.0,0.35,1.0,high
CUST02246,Mixed Watchlist,153,3.0,2005.87,1,5,5,6,1,0.0,0.0,0.30666666666666664,3.0,high
CUST02247,Mixed Watchlist,55,1.0,533.22,3,3,2,0,0,0.0,0.0,0.3,1.0,high
CUST02248,Dormant At-Risk,93,1.0,1245.24,2,3,4,2,0,0.0,0.0,0.2,1.0,high
CUST02249,Service Recovery,75,1.0,502.63,3,3,2,10,0,1.0,0.0,0.32,1.0,medium
CUST02250,Loyal Core,15,2.0,878.2,5,4,3,10,0,2.0,1.0,0.41000000000000003,2.0,medium
CUST02251,Mixed Watchlist,182,0.0,0.0,1,1,1,8,1,0.0,0.0,0.0,0.0,high
CUST02252,Mixed Watchlist,62,1.0,748.51,3,3,3,1,0,0.0,0.0,0.3,1.0,high
CUST02253,Mixed Watchlist,67,6.0,4749.22,3,5,5,9,0,0.0,0.0,0.245,3.0,medium
CUST02254,Service Recovery,91,1.0,321.87,2,3,1,4,0,1.0,0.0,0.35,1.0,high
CUST02255,Growth Potential,15,1.0,485.28,5,3,2,11,0,0.0,0.0,0.35,1.0,low
CUST02256,Growth Potential,42,1.0,554.27,4,3,2,12,1,0.0,0.0,0.27,1.0,medium
CUST02257,Service Recovery,60,1.0,791.33,3,3,3,3,0,1.0,0.0,0.38,1.0,medium
CUST02258,Mixed Watchlist,198,0.0,0.0,1,1,1,8,1,0.0,0.0,0.0,0.0,high
CUST02259,Loyal Core,42,2.0,917.25,4,4,3,17,1,0.0,0.0,0.3,2.0,medium
CUST02260,Mixed Watchlist,69,1.0,494.75,3,3,2,7,1,0.0,0.0,0.25,1.0,medium
CUST02261,Discount-Sensitive,55,3.0,2248.93,3,5,5,4,1,0.0,0.0,0.4466666666666667,3.0,medium
CUST02262,Dormant At-Risk,97,2.0,1826.6799999999998,2,4,4,0,0,0.0,0.0,0.27,2.0,high
CUST02263,Mixed Watchlist,118,1.0,385.7,2,3,2,8,0,0.0,0.0,0.0,1.0,high
CUST02264,Loyal Core,45,2.0,1550.17,4,4,4,3,0,1.0,0.5,0.205,2.0,medium
CUST02265,Mixed Watchlist,31,1.0,280.88,4,3,1,3,0,0.0,0.0,0.54,1.0,low
CUST02266,Growth Potential,20,1.0,563.66,5,3,2,2,3,0.0,0.0,0.22,1.0,low
CUST02267,Mixed Watchlist,207,0.0,0.0,1,1,1,5,1,0.0,0.0,0.0,0.0,high
CUST02268,Dormant At-Risk,167,1.0,499.76,1,3,2,2,0,0.0,0.0,0.33,1.0,high
CUST02269,Loyal Core,7,4.0,3854.66,5,5,5,8,0,1.0,0.25,0.3375,3.0,medium
CUST02270,Mixed Watchlist,91,2.0,1121.3899999999999,2,4,3,14,1,0.0,0.0,0.125,2.0,high
CUST02271,Mixed Watchlist,119,1.0,1102.16,2,3,3,4,2,0.0,0.0,0.28,1.0,high
CUST02272,Service Recovery,59,3.0,1907.8,3,5,5,13,2,2.0,0.3333333333333333,0.20000000000000004,2.0,medium
CUST02273,Mixed Watchlist,163,1.0,1057.96,1,3,3,8,1,0.0,0.0,0.26,1.0,high
CUST02274,Discount-Sensitive,70,1.0,636.94,3,3,2,7,1,1.0,0.0,0.34,1.0,medium
CUST02275,Mixed Watchlist,21,1.0,270.79,4,3,1,5,0,0.0,0.0,0.34,1.0,low
CUST02276,Dormant At-Risk,265,0.0,0.0,1,1,1,1,0,0.0,0.0,0.0,0.0,high
CUST02277,Mixed Watchlist,218,0.0,0.0,1,1,1,4,0,0.0,0.0,0.0,0.0,high
CUST02278,Dormant At-Risk,116,1.0,217.79,2,3,1,0,0,0.0,0.0,0.53,1.0,high
CUST02279,Champions,21,3.0,2624.92,4,5,5,0,0,0.0,0.0,0.06333333333333334,2.0,low
CUST02280,Discount-Sensitive,145,1.0,1244.85,2,3,4,8,1,0.0,0.0,0.43,1.0,high
CUST02281,Mixed Watchlist,120,2.0,1698.6799999999998,2,5,4,8,0,0.0,0.0,0.24,1.0,high
CUST02282,Service Recovery,7,1.0,300.59,5,3,1,1,0,1.0,0.0,0.29,1.0,high
CUST02283,Dormant At-Risk,132,1.0,272.29,2,3,1,1,0,0.0,0.0,0.35,1.0,high
CUST02284,Loyal Core,35,3.0,1867.5500000000002,4,5,4,11,2,1.0,0.3333333333333333,0.3033333333333333,2.0,medium
CUST02285,Loyal Core,19,1.0,903.8,5,3,3,0,1,1.0,0.0,0.27,1.0,high
CUST02286,Dormant At-Risk,242,0.0,0.0,1,1,1,2,1,0.0,0.0,0.0,0.0,high
CUST02287,Dormant At-Risk,100,2.0,4208.860000000001,2,5,5,0,1,0.0,0.0,0.19,2.0,high
CUST02288,Service Recovery,58,3.0,2146.98,3,5,5,1,0,0.0,0.3333333333333333,0.2333333333333333,2.0,medium
CUST02289,Mixed Watchlist,93,3.0,2844.33,2,5,5,6,0,0.0,0.0,0.32666666666666666,2.0,high
CUST02290,Service Recovery,76,3.0,3009.11,3,5,5,6,0,1.0,0.3333333333333333,0.29333333333333333,2.0,high
CUST02291,Mixed Watchlist,214,0.0,0.0,1,1,1,3,0,0.0,0.0,0.0,0.0,high
CUST02292,Loyal Core,4,2.0,1017.41,5,5,3,2,0,1.0,0.5,0.33999999999999997,2.0,medium
CUST02293,Mixed Watchlist,287,0.0,0.0,1,1,1,4,0,0.0,0.0,0.0,0.0,high
CUST02294,Loyal Core,19,2.0,785.8399999999999,5,5,3,1,1,1.0,0.5,0.33999999999999997,2.0,medium
CUST02295,Loyal Core,24,2.0,958.6199999999999,4,5,3,3,0,1.0,0.0,0.35,2.0,medium
CUST02296,Service Recovery,73,1.0,576.15,3,3,2,11,1,1.0,0.0,0.22,1.0,medium
CUST02297,Growth Potential,27,1.0,389.45,4,3,2,3,2,0.0,0.0,0.19,1.0,low
CUST02298,Mixed Watchlist,100,3.0,2204.46,2,5,5,13,0,0.0,0.0,0.41333333333333333,3.0,high
CUST02299,Mixed Watchlist,101,1.0,1062.37,2,3,3,7,1,0.0,0.0,0.16,1.0,high
CUST02300,Dormant At-Risk,104,3.0,3051.79,2,5,5,1,1,0.0,0.0,0.14333333333333334,2.0,high
CUST02301,Mixed Watchlist,126,3.0,1446.59,2,5,4,7,0,0.0,0.0,0.2733333333333334,2.0,high
CUST02302,Mixed Watchlist,79,1.0,587.07,3,3,2,8,0,0.0,0.0,0.26,1.0,high
CUST02303,Growth Potential,24,1.0,590.19,4,3,2,12,0,1.0,1.0,0.01,1.0,medium
CUST02304,Growth Potential,36,1.0,385.75,4,3,2,6,2,0.0,0.0,0.25,1.0,medium
CUST02305,Champions,40,3.0,2660.79,4,5,5,12,0,0.0,0.0,0.3233333333333333,3.0,medium
CUST02306,Mixed Watchlist,74,2.0,2087.3199999999997,3,5,5,5,0,1.0,0.0,0.155,2.0,medium
CUST02307,Mixed Watchlist,24,1.0,625.48,4,3,2,4,0,0.0,0.0,0.05,1.0,low
CUST02308,Dormant At-Risk,116,1.0,595.88,2,3,2,0,0,0.0,0.0,0.38,1.0,high
CUST02309,Dormant At-Risk,562,0.0,0.0,1,1,1,1,1,0.0,0.0,0.0,0.0,high
CUST02310,Champions,25,2.0,1181.73,4,5,4,8,2,1.0,0.0,0.26,2.0,medium
CUST02311,Mixed Watchlist,200,0.0,0.0,1,1,1,3,2,0.0,0.0,0.0,0.0,high
CUST02312,Mixed Watchlist,205,0.0,0.0,1,1,1,3,2,0.0,0.0,0.0,0.0,high
CUST02313,Mixed Watchlist,171,1.0,583.08,1,3,2,3,0,0.0,0.0,0.36,1.0,high
CUST02314,Growth Potential,0,1.0,443.94,5,3,2,16,1,0.0,0.0,0.35,1.0,low
CUST02315,Loyal Core,39,2.0,952.22,4,5,3,12,0,1.0,0.0,0.19,2.0,medium
CUST02316,Mixed Watchlist,17,1.0,552.35,5,3,2,7,0,0.0,0.0,0.44,1.0,low
CUST02317,Champions,1,6.0,5693.1,5,5,5,9,1,0.0,0.0,0.27166666666666667,4.0,low
CUST02318,Mixed Watchlist,85,1.0,514.56,3,3,2,3,1,0.0,0.0,0.3,1.0,high
CUST02319,Loyal Core,36,1.0,1156.63,4,3,3,6,1,0.0,0.0,0.4,1.0,medium
CUST02320,Discount-Sensitive,97,2.0,519.24,2,5,2,3,2,0.0,0.0,0.345,2.0,high
CUST02321,Mixed Watchlist,172,2.0,721.3399999999999,1,5,3,3,2,0.0,0.0,0.35,2.0,high
CUST02322,Champions,38,2.0,1583.24,4,5,4,6,2,0.0,0.0,0.35,2.0,medium
CUST02323,Mixed Watchlist,84,1.0,602.85,3,3,2,4,0,0.0,0.0,0.24,1.0,high
CUST02324,Dormant At-Risk,178,1.0,347.75,1,3,1,2,0,0.0,0.0,0.51,1.0,high
CUST02325,Champions,14,3.0,1378.42,5,5,4,12,0,0.0,0.0,0.4033333333333333,3.0,low
CUST02326,Loyal Core,14,1.0,831.86,5,3,3,4,3,0.0,0.0,0.2,1.0,low
CUST02327,Mixed Watchlist,160,1.0,308.94,1,3,1,9,1,0.0,0.0,0.33,1.0,high
CUST02328,Mixed Watchlist,13,1.0,639.75,5,3,2,1,0,0.0,0.0,0.34,1.0,high
CUST02329,Mixed Watchlist,90,3.0,2353.05,2,5,5,7,3,0.0,0.0,0.10666666666666669,2.0,high
CUST02330,Service Recovery,75,4.0,5029.91,3,5,5,4,0,1.0,0.25,0.225,3.0,medium
CUST02331,Champions,11,2.0,2708.4,5,5,5,7,0,0.0,0.0,0.225,2.0,low
CUST02332,Loyal Core,17,2.0,3382.5299999999997,5,5,5,4,0,0.0,0.5,0.2,2.0,low
CUST02333,Growth Potential,0,1.0,648.38,5,3,2,3,3,0.0,0.0,0.29,1.0,low
CUST02334,Loyal Core,13,1.0,1812.0,5,3,4,11,0,0.0,0.0,0.19,1.0,low
CUST02335,Loyal Core,40,2.0,902.71,4,5,3,7,1,0.0,0.0,0.2,2.0,medium
CUST02336,Mixed Watchlist,78,2.0,777.1700000000001,3,5,3,13,2,0.0,0.0,0.225,2.0,high
CUST02337,Loyal Core,13,1.0,1911.28,5,3,5,21,2,0.0,0.0,0.19,1.0,low
CUST02338,Champions,31,2.0,1594.4499999999998,4,5,4,16,2,1.0,0.0,0.375,1.0,medium
CUST02339,Loyal Core,31,5.0,3093.07,4,5,5,8,2,2.0,0.2,0.21000000000000002,3.0,medium
CUST02340,Champions,28,5.0,3931.17,4,5,5,8,0,1.0,0.0,0.258,3.0,medium
CUST02341,Mixed Watchlist,31,1.0,490.32,4,3,2,2,0,0.0,0.0,0.13,1.0,low
CUST02342,Service Recovery,57,2.0,1718.3899999999999,3,5,4,5,0,1.0,0.0,0.24,2.0,medium
CUST02343,Loyal Core,24,1.0,1077.84,4,3,3,7,2,0.0,0.0,0.13,1.0,low
CUST02344,Growth Potential,19,1.0,536.58,5,3,2,2,2,0.0,0.0,0.33,1.0,low
CUST02345,Loyal Core,33,1.0,1676.2,4,3,4,1,0,0.0,0.0,0.03,1.0,high
CUST02346,Loyal Core,16,3.0,1415.13,5,5,4,6,0,2.0,0.0,0.3333333333333333,2.0,medium
CUST02347,Mixed Watchlist,92,1.0,1102.94,2,3,3,3,2,0.0,0.0,0.28,1.0,high
CUST02348,Mixed Watchlist,115,1.0,2063.46,2,3,5,6,1,0.0,0.0,0.22,1.0,high
CUST02349,Mixed Watchlist,54,3.0,1811.6,3,5,4,9,1,0.0,0.0,0.22,2.0,medium
CUST02350,Dormant At-Risk,132,3.0,3619.51,2,5,5,1,1,0.0,0.0,0.2966666666666667,3.0,high
CUST02351,Dormant At-Risk,239,0.0,0.0,1,1,1,1,0,0.0,0.0,0.0,0.0,high
CUST02352,Champions,8,2.0,1349.29,5,5,4,3,0,0.0,0.0,0.22000000000000003,2.0,low
CUST02353,Mixed Watchlist,150,1.0,828.36,1,3,3,6,1,0.0,0.0,0.33,1.0,high
CUST02354,Mixed Watchlist,19,1.0,666.97,5,3,2,0,0,0.0,0.0,0.35,1.0,high
CUST02355,Mixed Watchlist,9,1.0,293.2,5,3,1,0,0,1.0,0.0,0.41,1.0,high
CUST02356,Loyal Core,34,2.0,1160.46,4,5,3,13,1,0.0,0.0,0.225,1.0,low
CUST02357,Champions,30,3.0,1999.73,4,5,5,5,1,1.0,0.0,0.15666666666666665,2.0,medium
CUST02358,Service Recovery,72,1.0,1296.04,3,3,4,1,1,1.0,0.0,0.32,1.0,high
CUST02359,Champions,28,2.0,1800.68,4,5,4,17,0,0.0,0.0,0.21500000000000002,2.0,low
CUST02360,Loyal Core,39,2.0,830.9399999999999,4,5,3,5,1,0.0,0.0,0.365,2.0,medium
CUST02361,Mixed Watchlist,43,1.0,430.86,4,3,2,2,0,0.0,0.0,0.28,1.0,medium
CUST02362,Champions,20,2.0,2072.46,5,5,5,4,1,0.0,0.0,0.36,2.0,low
CUST02363,Loyal Core,20,2.0,2190.38,5,5,5,5,0,0.0,0.5,0.18,2.0,low
CUST02364,Dormant At-Risk,153,2.0,1091.09,1,5,3,1,0,0.0,0.0,0.325,2.0,high
CUST02365,Champions,9,5.0,4018.01,5,5,5,17,1,0.0,0.0,0.33399999999999996,3.0,low
CUST02366,Mixed Watchlist,219,0.0,0.0,1,1,1,4,0,0.0,0.0,0.0,0.0,high
CUST02367,Discount-Sensitive,70,3.0,2102.99,3,5,5,5,4,1.0,0.0,0.3633333333333333,3.0,medium
CUST02368,Dormant At-Risk,157,1.0,1107.44,1,3,3,2,0,0.0,0.0,0.27,1.0,high
CUST02369,Growth Potential,22,1.0,377.41,4,3,2,14,2,0.0,0.0,0.17,1.0,low
CUST02370,Champions,21,2.0,1278.67,4,5,4,4,0,0.0,0.0,0.31,2.0,low
CUST02371,Champions,44,3.0,1863.01,4,5,4,4,0,1.0,0.0,0.36000000000000004,3.0,medium
CUST02372,Loyal Core,23,1.0,898.39,4,3,3,15,0,0.0,0.0,0.29,1.0,low
CUST02373,Champions,7,2.0,1336.68,5,5,4,2,0,1.0,0.0,0.385,1.0,medium
CUST02374,Discount-Sensitive,80,1.0,158.59,3,3,1,2,2,0.0,0.0,0.43,1.0,high
CUST02375,Mixed Watchlist,81,1.0,530.02,3,3,2,2,1,0.0,0.0,0.28,1.0,high
CUST02376,Loyal Core,4,2.0,1078.26,5,5,3,1,0,0.0,0.0,0.29000000000000004,2.0,low
CUST02377,Champions,32,2.0,1996.9699999999998,4,5,5,9,3,0.0,0.0,0.445,1.0,low
CUST02378,Loyal Core,2,2.0,1141.79,5,5,3,13,0,0.0,0.0,0.315,2.0,low
CUST02379,Mixed Watchlist,112,1.0,588.32,2,3,2,11,0,0.0,0.0,0.35,1.0,high
CUST02380,Dormant At-Risk,136,1.0,331.92,2,3,1,0,0,0.0,0.0,0.51,1.0,high
CUST02381,Loyal Core,4,1.0,798.67,5,3,3,8,0,1.0,0.0,0.4,1.0,medium
CUST02382,Mixed Watchlist,89,2.0,1493.47,2,5,4,4,2,0.0,0.0,0.21000000000000002,2.0,high
CUST02383,Discount-Sensitive,108,1.0,424.58,2,3,2,7,3,0.0,0.0,0.37,1.0,high
CUST02384,Service Recovery,68,2.0,1501.1399999999999,3,5,4,7,0,1.0,0.5,0.33499999999999996,2.0,medium
CUST02385,Loyal Core,27,1.0,873.79,4,3,3,1,2,0.0,0.0,0.32,1.0,high
CUST02386,Champions,0,2.0,1758.17,5,5,4,7,1,0.0,0.0,0.145,2.0,low
CUST02387,Service Recovery,97,1.0,324.03,2,3,1,9,2,1.0,0.0,0.28,1.0,high
CUST02388,Mixed Watchlist,49,1.0,2614.56,3,3,5,5,0,0.0,0.0,0.35,1.0,medium
CUST02389,Dormant At-Risk,125,2.0,918.52,2,5,3,1,0,0.0,0.0,0.26,2.0,high
CUST02390,Dormant At-Risk,282,0.0,0.0,1,1,1,2,0,0.0,0.0,0.0,0.0,high
CUST02391,Service Recovery,52,1.0,767.26,3,3,3,1,0,1.0,0.0,0.32,1.0,high
CUST02392,Dormant At-Risk,96,2.0,1468.46,2,5,4,2,1,0.0,0.0,0.33499999999999996,2.0,high
CUST02393,Dormant At-Risk,122,1.0,483.18,2,3,2,0,0,0.0,0.0,0.0,1.0,high
CUST02394,Champions,38,4.0,3939.27,4,5,5,5,4,0.0,0.0,0.1975,4.0,medium
CUST02395,Dormant At-Risk,364,0.0,0.0,1,1,1,1,0,0.0,0.0,0.0,0.0,high
CUST02396,Dormant At-Risk,114,1.0,553.88,2,3,2,1,0,0.0,0.0,0.23,1.0,high
CUST02397,Discount-Sensitive,58,1.0,451.68,3,3,2,12,1,0.0,0.0,0.34,1.0,medium
CUST02398,Mixed Watchlist,49,2.0,1168.26,3,5,3,4,0,0.0,0.0,0.29500000000000004,2.0,medium
CUST02399,Dormant At-Risk,276,0.0,0.0,1,1,1,1,1,0.0,0.0,0.0,0.0,high
CUST02400,Dormant At-Risk,110,1.0,524.67,2,3,2,1,0,0.0,0.0,0.21,1.0,high
